ACCIDENT_YEAR,COLLISION_DATE,COLLISION_TIME,MONTH,SEASON,24HOURS,DAY_OF_WEEK,INTERSECTION,WEATHER_1,STATE_HWY_IND,ROAD_SURFACE,ROAD_COND_1,LIGHTING,STWD_VEHTYPE_AT_FAULT,CHP_VEHTYPE_AT_FAULT,DIRECTION,PCF_VIOL_CATEGORY,TYPE_OF_COLLISION,PEDESTRIAN_ACCIDENT,BICYCLE_ACCIDENT,MOTORCYCLE_ACCIDENT,TRUCK_ACCIDENT,MVIW,TOW_AWAY,HIT_AND_RUN,CONTROL_DEVICE,NUMBER_INJURED,COUNT_PED_INJURED,COUNT_BICYCLIST_INJURED,COUNT_MC_INJURED,PCF_VIOLATION,PARTY_COUNT,POINT_Y,POINT_X,COLLISION_SEVERITY
2012,2012-09-21,1653,9,3,16,5,N,A,N,A,H,A,D,22,W,04,C,,,,,C,N,N,A,2,0,0,0,21703.0,2,39.14807857,-121.64405327,4
2012,2012-09-27,652,9,3,6,4,Y,A,Y,A,H,B,D,22,,12,B,,,,,C,N,N,A,1,0,0,0,21453.0,3,39.14174814,-121.62838206,4
2012,2012-08-07,2134,8,2,21,2,N,A,N,A,H,A,I,11,E,21,C,,,,,C,N,N,A,1,0,0,0,22106.0,2,39.13589998,-121.61366038,4
2012,2012-08-06,1151,8,2,11,1,N,A,N,A,H,A,D,23,S,08,D,,,,,C,N,N,D,1,0,0,0,22107.0,2,39.13921179,-121.60921327,4
2012,2012-08-02,1037,8,2,10,4,N,A,N,A,H,A,D,22,E,08,B,,,Y,,C,Y,N,D,1,0,0,1,22107.0,2,39.13321357,-121.62144435,3
2012,2012-07-30,1910,7,2,19,1,N,A,N,A,B,A,D,22,W,10,G,Y,,,,B,N,F,A,1,1,0,0,21950.0,2,39.11263549,-121.6228244,3
2012,2012-09-12,1149,9,3,11,3,N,A,Y,A,H,A,A,07,S,08,D,,,,,C,N,N,D,2,0,0,0,22107.0,2,39.14069129,-121.64850049,4
2012,2012-08-17,808,8,2,8,5,Y,A,N,A,H,A,D,22,,12,D,,,,,C,Y,N,A,1,0,0,0,22450.0,2,39.13786505,-121.62542322,4
2012,2012-08-16,1520,8,2,15,4,N,A,Y,A,H,A,D,22,E,03,C,,,,,C,N,N,A,1,0,0,0,22350.0,2,39.14150516,-121.67141871,4
2012,2012-08-30,744,8,2,7,4,N,A,N,A,H,A,D,22,E,03,C,,,,,C,N,N,D,3,0,0,0,22350.0,3,39.12724512,-121.62796698,4
2012,2012-08-30,1347,8,2,13,4,N,A,N,A,H,A,A,01,E,08,D,,,,,C,Y,N,D,2,0,0,0,22107.0,2,39.13790513,-121.6474754,3
2012,2012-08-28,814,8,2,8,2,N,A,Y,A,H,A,E,22,E,04,C,,,,,C,Y,N,A,3,0,0,0,21703.0,2,39.14155592,-121.6553447,4
2012,2012-07-25,1311,7,2,13,3,N,A,Y,A,H,A,A,01,E,03,C,,,,,C,N,N,A,1,0,0,0,22350.0,2,39.13234622,-121.63447202,4
2012,2012-07-10,1810,7,2,18,2,Y,A,N,A,H,A,A,08,,09,D,,,,,C,Y,N,A,1,0,0,0,21801.0,2,39.139425,-121.62548323,4
2012,2012-07-25,1645,7,2,16,3,Y,A,N,A,H,A,-,- ,,09,D,,,,,C,Y,N,A,1,0,0,0,21803.0,2,39.1319851,-121.62166319,4
2012,2012-07-26,1439,7,2,14,4,Y,A,Y,A,H,A,L,04,,09,D,,Y,,,G,Y,N,A,1,0,1,0,21802.0,2,39.14067047,-121.61807121,3
2012,2012-07-26,1753,7,2,17,4,N,A,Y,A,H,A,L,04,W,- ,B,,Y,,,G,N,N,A,1,0,1,0,,2,39.13315815,-121.63445491,3
2012,2012-07-31,911,7,2,9,2,N,A,N,A,H,A,A,01,W,03,C,,,,,C,Y,N,A,1,0,0,0,22350.0,2,39.15143212,-121.65606278,4
2012,2012-08-18,1903,8,2,19,6,N,A,N,A,H,A,A,01,W,03,B,,Y,,,G,N,N,D,1,0,1,0,22350.0,2,39.17063874,-121.66794078,3
2012,2012-08-17,1930,8,2,19,5,N,A,Y,A,H,A,A,01,S,05,F,,,,,A,Y,N,D,2,0,0,0,21650.0,1,38.97759521,-121.67213913,4
2012,2012-08-27,1027,8,2,10,1,N,A,N,A,H,A,A,07,E,08,D,,,,,C,Y,N,D,1,0,0,0,22107.0,2,39.17056799,-121.68120304,4
2012,2012-08-23,730,8,2,7,4,N,A,N,A,H,A,A,08,N,05,E,,,,,I,Y,N,D,1,0,0,0,21650.0,1,39.12994681,-121.67396327,3
2012,2012-08-18,10,8,2,0,6,Y,A,N,A,H,D,A,07,,01,E,,,,,I,Y,N,A,3,0,0,0,23152.0,1,38.74934508,-121.5940331,2
2012,2012-09-29,1500,9,3,15,6,N,A,Y,A,H,A,D,22,N,03,E,,,,,I,Y,N,D,1,0,0,0,22350.0,1,39.0059797,-121.63438212,4
2012,2012-09-25,1810,9,3,18,2,Y,A,N,A,H,A,D,22,,12,C,,,,,C,Y,N,A,1,0,0,0,22450.0,2,38.75121507,-121.49437319,3
2012,2012-10-01,414,10,3,4,1,N,A,Y,A,H,C,A,01,S,03,C,,,,Y,C,Y,N,D,1,0,0,0,22350.0,2,38.97245934,-121.60541399,4
2012,2012-09-10,1630,9,3,16,1,N,A,Y,A,H,A,A,08,S,03,C,,,,,C,N,N,D,1,0,0,0,22350.0,2,38.74734158,-121.54017801,4
2012,2012-09-21,1300,9,3,13,5,N,A,N,A,H,A,D,22,N,03,B,Y,,,,B,N,N,D,1,1,0,0,22350.0,2,39.1609939,-121.75504093,4
2012,2012-08-31,1225,8,2,12,5,N,A,Y,-,A,A,D,22,S,08,B,,,Y,,C,Y,N,D,1,0,0,1,22107.0,2,39.04027167,-121.634772,3
2012,2012-09-28,1154,9,3,11,5,N,A,Y,A,H,A,A,01,W,03,C,,,,,C,Y,N,D,2,0,0,0,22350.0,2,39.14245404,-121.77285915,4
2012,2012-06-12,1308,6,2,13,2,N,A,Y,A,H,A,D,22,S,03,C,,,,,C,Y,N,D,1,0,0,0,22350.0,5,39.27318151,-121.66055715,4
2012,2012-06-26,1437,6,2,14,2,N,A,Y,A,H,A,A,01,S,03,C,,,,,C,Y,N,A,1,0,0,0,22350.0,2,39.2751658,-121.66100077,4
2012,2012-08-11,1219,8,2,12,6,N,A,Y,A,H,A,-,- ,S,01,C,,,,,C,Y,F,A,1,0,0,0,23152.0,3,39.14178516,-121.64402321,4
2012,2012-08-29,842,8,2,8,3,Y,A,N,A,H,A,A,01,,10,G,Y,,,,B,N,N,D,1,1,0,0,21950.0,2,39.11914502,-121.61886312,4
2012,2012-08-27,1542,8,2,15,1,N,A,N,A,H,A,L,04,E,05,D,,Y,,,G,N,N,A,1,0,1,0,21650.0,2,39.13360735,-121.62029682,3
2012,2012-09-28,1639,9,3,16,5,Y,A,Y,A,H,A,A,01,,09,D,,,,,C,Y,N,A,2,0,0,0,21801.0,3,39.14164095,-121.62832524,3
2012,2012-09-30,2033,9,3,20,7,N,A,N,A,H,C,-,- ,W,03,C,,,,,C,N,F,A,1,0,0,0,22350.0,3,39.13232982,-121.63030208,4
2012,2012-08-15,941,8,2,9,3,Y,A,N,A,H,A,A,08,,09,A,,,,,C,Y,N,A,2,0,0,0,21802.0,2,39.130445,-121.62327324,4
2012,2012-08-12,1622,8,2,16,7,Y,A,N,A,H,A,A,01,,12,D,,,,,C,N,N,A,1,0,0,0,21453.0,2,39.14535954,-121.63284481,4
2012,2012-08-16,1905,8,2,19,4,N,A,N,A,H,A,A,01,E,03,C,,,,,C,N,N,D,1,0,0,0,22350.0,2,39.11275115,-121.63208294,4
2012,2012-08-08,1144,8,2,11,3,Y,A,N,A,H,A,A,01,,03,B,,,,,C,Y,N,D,2,0,0,0,22350.0,2,39.27197501,-121.65819324,3
2012,2012-08-06,1545,8,2,15,1,N,A,Y,A,H,A,A,01,S,04,C,,,,,C,Y,N,A,3,0,0,0,21703.0,2,39.09795523,-121.6344131,4
2012,2012-08-08,853,8,2,8,3,Y,A,N,A,H,A,A,01,,09,D,,,,,C,Y,N,A,1,0,0,0,21802.0,2,39.16813502,-121.74167315,4
2012,2012-08-09,540,8,2,5,4,N,A,Y,A,H,B,A,01,S,08,C,,,,,C,Y,N,D,1,0,0,0,22107.0,2,38.81019652,-121.71535417,4
2012,2012-08-07,1216,8,2,12,2,N,A,Y,A,H,A,A,01,E,07,B,,,,,C,N,N,A,1,0,0,0,21658.0,2,39.14127915,-121.61575811,4
2012,2012-08-07,1630,8,2,16,2,N,A,N,A,H,A,A,01,W,04,C,,,,,C,N,N,A,1,0,0,0,21703.0,2,39.12727886,-121.63644581,4
2012,2012-08-06,1250,8,2,12,1,N,A,N,A,H,A,A,01,S,05,B,,,Y,,C,Y,N,D,1,0,0,1,21650.0,2,39.14257393,-121.62566238,3
2012,2012-08-05,2056,8,2,20,7,N,A,N,A,H,C,A,01,N,09,D,,,,,C,N,N,D,1,0,0,0,21804.0,2,39.15256148,-121.6206326,4
2012,2012-08-15,1301,8,2,13,3,Y,A,N,A,H,A,-,- ,,08,B,,,,,C,Y,N,A,2,0,0,0,22107.0,3,39.13232511,-121.62989317,4
2012,2012-08-14,1503,8,2,15,2,N,A,N,A,H,A,A,01,W,01,C,,,,,C,Y,N,D,1,0,0,0,23153.0,2,39.13027929,-121.62382602,4
2012,2012-08-08,1820,8,2,18,3,N,A,N,A,H,A,A,01,E,01,E,,,,,J,Y,N,D,1,0,0,0,23152.0,1,39.16677049,-121.72481965,3
2012,2012-10-01,1622,10,3,16,1,N,A,Y,A,H,A,A,07,S,03,C,,,,,C,Y,N,A,1,0,0,0,22350.0,2,39.2747405,-121.66090662,4
2012,2012-10-09,1340,10,3,13,2,N,A,N,A,H,A,L,04,N,08,B,,Y,,Y,G,N,N,D,1,0,1,0,22107.0,2,39.20667259,-121.63684153,2
2012,2012-10-18,2307,10,3,23,4,Y,A,N,A,H,C,D,22,,09,A,,,,,C,Y,N,A,2,0,0,0,21801.0,2,39.15165508,-121.63423315,4
2012,2012-08-01,1112,8,2,11,3,Y,A,Y,A,H,A,A,01,,04,C,,,Y,,C,N,N,A,1,0,0,1,21703.0,3,39.13234622,-121.63447202,4
2012,2012-08-02,1603,8,2,16,4,Y,A,N,A,H,A,-,- ,,09,D,,,,,C,Y,N,A,2,0,0,0,21802.0,2,39.12926506,-121.61626319,4
2012,2012-08-01,1507,8,2,15,3,N,A,Y,A,H,A,A,01,N,04,C,,,,,C,Y,N,A,1,0,0,0,21703.0,2,39.14416506,-121.63508293,4
2012,2012-08-03,916,8,2,9,5,N,A,Y,A,H,A,A,01,N,03,C,,,,,C,N,N,A,1,0,0,0,22350.0,2,39.12777938,-121.63453322,4
2012,2012-08-05,1620,8,2,16,7,Y,A,Y,A,H,A,A,01,,09,D,,,,,C,Y,N,A,1,0,0,0,21802.0,2,39.14156767,-121.62303021,4
2012,2012-08-05,1956,8,2,19,7,Y,A,N,A,H,B,A,01,,12,A,,,,,C,Y,N,A,1,0,0,0,21453.0,2,39.15129509,-121.65545313,4
2012,2012-10-30,1735,10,3,17,2,N,A,Y,A,H,A,A,07,E,09,D,,,,,C,N,N,D,1,0,0,0,21801.0,2,39.14184517,-121.63869821,4
2013,2013-02-06,804,2,4,8,3,Y,A,N,A,H,A,A,01,,09,D,,,,,C,Y,N,D,1,0,0,0,21802.0,2,39.1410351,-121.6255931,4
2012,2012-10-14,1141,10,3,11,7,N,A,N,A,H,A,L,04,W,05,D,,Y,,,G,N,N,D,1,0,1,0,21202.0,2,39.12723608,-121.65045083,3
2012,2012-11-03,2049,11,3,20,6,N,A,N,A,H,C,D,22,W,21,H,,,Y,,A,N,N,A,1,0,0,1,22106.0,2,39.14569314,-121.6183184,3
2012,2012-10-26,1755,10,3,17,5,Y,A,N,A,H,A,L,04,,17,D,,Y,,,G,,N,A,1,0,1,0,21208.0,2,39.1439351,-121.63022324,4
2012,2012-11-06,1309,11,3,13,2,Y,A,N,A,H,A,D,22,,09,A,,,,,C,Y,N,D,1,0,0,0,21801.0,2,39.15488508,-121.63475324,3
2012,2012-10-22,1453,10,3,14,1,Y,C,N,B,H,A,A,01,,09,D,,,,,C,Y,N,A,2,0,0,0,21802.0,2,39.1410351,-121.62559313,4
2012,2012-09-09,1956,9,3,19,7,N,A,N,A,H,C,A,01,E,03,C,,,Y,,C,Y,N,A,2,0,0,0,22350.0,4,39.132393,-121.63327279,4
2012,2012-09-12,908,9,3,9,3,N,A,N,A,H,A,A,07,N,09,D,,,,,C,N,N,D,2,0,0,0,21804.0,2,39.1084293,-121.62034284,3
2012,2012-09-12,1955,9,3,19,3,N,A,N,A,H,C,-,- ,E,- ,A,,,,,C,N,N,A,1,0,0,0,,2,39.13231655,-121.64387277,4
2012,2012-10-12,255,10,3,2,5,N,A,N,A,H,D,A,01,W,08,E,,,,,I,Y,N,D,2,0,0,0,22107.0,1,39.18708877,-121.91691829,4
2012,2012-09-26,1245,9,3,12,3,N,A,N,A,H,A,A,01,E,08,D,,,,,C,Y,N,D,1,0,0,0,22107.0,2,39.12723871,-121.63090188,4
2012,2012-09-18,938,9,3,9,2,N,A,N,A,H,A,L,04,S,08,D,,Y,Y,,C,N,N,D,2,0,1,1,22107.0,2,39.14964757,-121.65548017,4
2012,2012-09-17,2037,9,3,20,1,Y,A,Y,A,H,C,C,02,,06,B,,,Y,,C,Y,N,A,1,0,0,1,21755.0,2,39.1417506,-121.62819727,3
2012,2012-09-17,1730,9,3,17,1,N,A,N,A,H,A,A,01,S,21,C,,,,,C,N,F,A,2,0,0,0,22106.0,2,39.13049129,-121.60607079,4
2012,2012-09-18,2009,9,3,20,2,N,A,N,A,H,B,A,01,S,08,A,,,,,C,Y,N,D,1,0,0,0,22107.0,2,39.13798293,-121.60748674,4
2012,2012-09-24,1122,9,3,11,1,N,A,N,A,H,A,-,- ,E,03,C,,,,,C,N,N,A,1,0,0,0,22350.0,2,39.13532505,-121.61533319,4
2012,2012-09-15,1817,9,3,18,6,N,A,N,A,H,A,A,01,E,08,D,,,,,D,Y,N,D,2,0,0,0,22107.0,2,39.1275245,-121.62365007,4
2012,2012-09-21,1813,9,3,18,5,Y,A,N,A,-,A,A,01,,03,C,,,,,C,N,N,A,1,0,0,0,22350.0,2,39.14647501,-121.63865316,4
2012,2012-09-24,1346,9,3,13,1,N,A,Y,A,H,A,N,60,W,11,G,Y,,,,B,Y,N,A,1,1,0,0,21950.0,2,39.14162748,-121.63091458,2
2012,2012-09-25,1127,9,3,11,2,N,A,N,A,H,A,A,01,W,08,B,,,Y,,C,N,N,D,1,0,0,1,22107.0,2,39.13237997,-121.6357758,4
2012,2012-09-07,2300,9,3,23,5,Y,A,N,A,H,C,A,01,,01,D,,,,,C,Y,N,A,2,0,0,0,23152.0,2,39.12714511,-121.66246323,3
2012,2012-09-21,1816,9,3,18,5,N,A,Y,A,H,B,A,01,S,03,C,,,,,C,Y,N,A,2,0,0,0,22350.0,2,39.13569821,-121.63453174,4
2012,2012-09-21,1447,9,3,14,5,Y,A,N,A,H,A,L,04,,09,D,,Y,,,C,N,N,D,1,0,1,0,21801.0,2,39.15765502,-121.64694327,3
2012,2012-10-01,330,10,3,3,1,N,A,Y,A,H,D,-,- ,S,18,D,,,Y,,H,N,N,D,1,0,0,1,,1,38.89410001,-121.57928582,3
2012,2012-10-12,520,10,3,5,5,N,A,N,A,H,D,A,01,S,08,E,,,,,I,Y,N,D,1,0,0,0,22107.0,1,38.83824447,-121.48818254,4
2012,2012-10-11,1835,10,3,18,4,N,A,N,A,H,A,A,07,E,01,D,,,,,I,Y,N,D,1,0,0,0,23152.0,1,39.16781761,-121.73806236,3
2012,2012-09-29,1905,9,3,19,6,Y,A,Y,A,H,C,A,08,,09,B,,,Y,,C,Y,N,D,1,0,0,1,21801.0,2,39.10184148,-121.63444239,4
2012,2012-10-18,1715,10,3,17,4,N,A,Y,A,H,A,A,07,S,03,B,,,,,C,Y,N,D,2,0,0,0,22350.0,4,39.12428853,-121.63454828,4
2012,2012-11-07,1854,11,3,18,3,Y,A,Y,A,H,C,D,22,,14,D,,,,,C,Y,N,D,1,0,0,0,24400.0,2,39.27348829,-121.66062942,4
2012,2012-11-01,1550,11,3,15,4,N,A,N,A,H,A,F,26,S,03,F,,,,Y,A,Y,N,A,1,0,0,0,22350.0,1,39.23549149,-121.64032981,4
2012,2012-11-05,1344,11,3,13,1,N,A,N,A,H,A,D,22,E,08,E,,,,,I,Y,N,D,1,0,0,0,22107.0,1,38.74992871,-121.56301564,4
2012,2012-11-19,1700,11,3,17,1,N,A,Y,A,C,D,A,01,N,03,C,,,,,C,Y,N,D,1,0,0,0,22350.0,2,39.22472846,-121.64290159,4
2012,2012-11-10,1635,11,3,16,6,Y,A,N,A,H,A,D,22,,12,D,,,,,C,Y,N,A,3,0,0,0,22450.0,2,39.12708511,-121.67194321,4
2012,2012-11-14,620,11,3,6,3,Y,A,Y,A,H,B,A,07,,03,C,,,,,C,Y,N,A,1,0,0,0,22350.0,2,39.00399358,-121.63210037,4
2012,2012-07-04,2100,7,2,21,3,Y,A,N,A,H,C,L,04,,14,D,,Y,,,G,N,N,A,1,0,1,0,21201.0,2,39.11999511,-121.64388319,4
2012,2012-09-15,1808,9,3,18,6,N,A,N,A,H,A,A,07,E,08,A,,,,,C,Y,F,D,1,0,0,0,22100.0,2,39.2719652,-121.65994915,4
2012,2012-09-26,1028,9,3,10,3,Y,A,Y,A,H,A,A,07,,10,G,Y,,,,B,N,N,A,1,1,0,0,21950.0,2,39.27617026,-121.66121288,4
2012,2012-10-08,1830,10,3,18,1,Y,A,N,A,H,B,A,01,,03,C,,,,,C,N,N,D,1,0,0,0,22350.0,3,39.10585501,-121.64375313,4
2012,2012-10-09,1516,10,3,15,2,Y,A,N,A,H,A,A,07,,09,D,,,,,C,Y,N,A,2,0,0,0,21801.0,2,39.13786505,-121.62542322,4
2012,2012-10-08,1240,10,3,12,1,N,A,N,A,H,A,L,04,N,03,D,,Y,,,G,N,N,D,1,0,1,0,22350.0,2,39.13734099,-121.61625527,4
2012,2012-10-08,1048,10,3,10,1,Y,A,N,A,H,A,L,04,,05,D,,Y,,,G,N,N,A,1,0,1,0,21650.0,2,39.13232511,-121.62989317,4
2012,2012-10-08,1144,10,3,11,1,N,A,Y,A,H,A,A,01,W,03,C,,,,,C,N,N,A,1,0,0,0,22350.0,2,39.14050745,-121.61800861,4
2012,2012-12-04,1340,12,4,13,2,N,A,N,A,H,A,A,07,N,08,D,,,,,C,N,N,A,1,0,0,0,22102.0,2,39.13902788,-121.64391875,4
2012,2012-10-03,1807,10,3,18,3,N,A,N,A,H,A,A,07,W,01,F,,,,,A,Y,N,D,2,0,0,0,23153.0,1,39.13932184,-121.61046071,4
2012,2012-10-03,1101,10,3,11,3,N,A,N,A,H,A,-,- ,E,00,D,,,,,C,Y,N,A,3,0,0,0,,2,39.12728023,-121.63705145,4
2012,2012-10-29,748,10,3,7,1,N,A,N,A,H,A,A,01,W,03,C,,,,,C,N,N,A,1,0,0,0,22350.0,2,39.14653074,-121.63883738,3
2012,2012-11-19,1208,11,3,12,1,Y,B,Y,A,H,A,L,04,,09,D,,Y,,,G,N,N,A,1,0,1,0,21804.0,2,39.14173803,-121.63078384,3
2012,2012-11-08,1710,11,3,17,4,Y,A,N,A,H,B,-,- ,,03,C,,,,,C,N,F,A,1,0,0,0,22350.0,2,39.12724507,-121.63111319,4
2012,2012-11-04,1748,11,3,17,7,N,A,Y,A,H,C,A,01,E,04,C,,,,,C,Y,N,A,3,0,0,0,21703.0,2,39.14142417,-121.65457707,3
2012,2012-09-29,115,9,3,1,6,Y,A,N,A,H,D,A,01,,01,H,,,,,A,Y,N,D,1,0,0,0,23152.0,1,38.74934508,-121.5940331,4
2012,2012-09-23,235,9,3,2,7,N,A,N,A,H,D,A,01,W,08,E,,,,,I,Y,N,D,1,0,0,0,22107.0,1,39.17802098,-121.76088085,3
2012,2012-11-26,1248,11,3,12,1,Y,A,N,A,H,A,A,07,,12,D,,,,,C,Y,N,A,2,0,0,0,21453.0,2,39.09245509,-121.61009322,4
2012,2012-11-23,1443,11,3,14,5,Y,A,Y,A,H,A,D,22,,12,D,,,,,C,Y,N,A,2,0,0,0,21453.0,2,39.14155458,-121.65552942,4
2012,2012-12-09,948,12,4,9,7,Y,A,N,A,H,A,D,22,,12,D,,,,,C,Y,N,A,2,0,0,0,21453.0,2,39.10755509,-121.61664316,4
2012,2012-12-06,950,12,4,9,4,N,B,N,B,H,A,A,08,S,03,C,,,,,C,N,N,A,1,0,0,0,22350.0,2,39.14381978,-121.63022182,4
2012,2012-09-24,645,9,3,6,1,Y,A,N,A,H,A,A,01,,12,D,,,,,C,Y,N,D,1,0,0,0,22450.0,2,39.11255506,-121.67176313,4
2012,2012-12-19,1249,12,4,12,3,N,A,Y,A,H,A,D,22,E,03,C,,,,,C,Y,N,D,6,0,0,0,22350.0,5,39.14151645,-121.64845189,3
2012,2012-12-11,1700,12,4,17,2,Y,A,N,A,H,C,A,01,,03,C,,,,,C,Y,N,D,3,0,0,0,22350.0,3,39.15043501,-121.61517322,2
2012,2012-12-13,1550,12,4,15,4,N,A,N,A,H,A,D,22,E,03,C,,,,,C,N,N,A,1,0,0,0,22350.0,3,39.13286751,-121.62236984,4
2012,2012-12-21,1713,12,4,17,5,N,C,N,B,H,C,D,23,,03,D,,,,,D,Y,N,D,2,0,0,0,22350.0,3,39.13856673,-121.60812736,4
2012,2012-12-09,715,12,4,7,7,Y,A,Y,A,H,A,D,22,,09,A,,,,,C,Y,F,A,1,0,0,0,21801.0,2,39.2708336,-121.65987186,4
2012,2012-11-12,1642,11,3,16,1,Y,A,N,A,H,A,A,01,,01,C,,,,,C,Y,N,A,1,0,0,0,23152.0,3,39.11276509,-121.61746311,4
2012,2012-11-10,1600,11,3,16,6,Y,A,N,A,H,A,L,04,,09,D,,Y,,,G,,N,D,1,0,1,0,21802.0,2,39.14155504,-121.62268314,3
2012,2012-11-13,1524,11,3,15,2,Y,A,N,A,H,A,A,01,,03,C,,,,,C,N,N,D,1,0,0,0,22350.0,3,39.13085505,-121.62206319,4
2013,2013-01-08,1908,1,4,19,2,N,A,Y,A,H,C,D,22,N,03,C,,,,,C,N,N,A,2,0,0,0,22350.0,3,39.1279288,-121.6345304,4
2012,2012-12-28,36,12,4,0,5,Y,C,Y,B,H,C,A,01,,08,B,,,,,C,N,N,A,1,0,0,0,22107.0,2,39.17611428,-121.6355179,4
2012,2012-11-01,945,11,3,9,4,N,B,Y,A,H,A,-,- ,S,18,F,,,,,A,Y,N,D,1,0,0,0,,2,,,4
2012,2012-11-03,1835,11,3,18,6,Y,A,Y,A,H,C,A,01,,09,D,,,,,C,Y,N,A,4,0,0,0,21802.0,2,39.02609512,-121.63479899,3
2012,2012-11-29,1825,11,3,18,4,N,B,Y,B,H,C,D,22,S,09,D,,,,,C,Y,N,A,2,0,0,0,21804.0,2,39.22052338,-121.64124968,4
2012,2012-11-01,1322,11,3,13,4,N,A,Y,A,H,A,A,01,E,09,D,,,,,C,N,N,D,1,0,0,0,21804.0,2,39.14167898,-121.63889279,4
2012,2012-11-02,1151,11,3,11,5,N,A,Y,A,H,A,A,01,E,03,C,,,,,C,Y,N,D,1,0,0,0,22350.0,2,39.14172516,-121.6302296,4
2012,2012-11-03,1014,11,3,10,6,Y,A,N,A,H,A,A,01,,09,D,,,,,C,Y,N,D,3,0,0,0,21801.0,2,39.12722508,-121.65150313,3
2012,2012-11-04,1530,11,3,15,7,N,A,Y,A,H,A,B,07,E,03,C,,,,,C,Y,N,A,2,0,0,0,22350.0,3,39.14142417,-121.65457707,4
2012,2012-11-10,1915,11,3,19,6,N,B,N,A,H,C,D,22,E,12,A,,,,,C,Y,F,A,1,0,0,0,22450.0,2,38.75135013,-121.48420024,2
2012,2012-11-13,1855,11,3,18,2,N,A,Y,A,H,C,A,01,N,03,C,,,,,C,Y,N,A,2,0,0,0,22350.0,4,39.11356148,-121.63464658,4
2012,2012-11-09,1815,11,3,18,5,N,A,Y,A,H,C,A,01,S,03,C,,,,,C,Y,N,A,1,0,0,0,22350.0,2,39.09752358,-121.63442531,4
2012,2012-11-12,704,11,3,7,1,N,A,N,A,H,A,A,08,N,12,-,,,,,I,Y,N,A,1,0,0,0,22450.0,1,38.74935989,-121.59402396,4
2012,2012-11-11,1035,11,3,10,7,N,A,Y,A,B,A,A,01,S,03,E,,,,,J,N,N,D,1,0,0,0,22350.0,1,38.74275387,-121.54047482,4
2012,2012-11-01,725,11,3,7,4,N,B,Y,B,H,A,A,07,N,03,C,,,,,C,N,N,A,1,0,0,0,22350.0,3,38.75119962,-121.54092611,4
2012,2012-11-04,802,11,3,8,7,N,A,Y,A,H,A,A,01,N,05,A,,,,,C,Y,N,D,2,0,0,0,21460.0,2,38.90687272,-121.59256068,3
2012,2012-11-01,1855,11,3,18,4,N,A,N,A,H,D,A,01,S,08,E,,,,,J,Y,N,D,1,0,0,0,22107.0,1,38.83838027,-121.48819149,4
2012,2012-12-16,1600,12,4,16,7,N,C,Y,B,H,C,A,01,S,03,C,,,,Y,C,Y,N,A,1,0,0,0,22350.0,2,39.0759723,-121.63484099,4
2012,2012-12-29,345,12,4,3,6,N,B,N,A,H,D,A,07,S,01,E,,,,,I,Y,N,D,1,0,0,0,23152.0,1,38.97160036,-121.51545179,3
2012,2012-12-07,1830,12,4,18,5,N,A,N,A,H,C,A,01,E,09,A,,,,,C,N,N,A,3,0,0,0,21801.0,2,39.16869337,-121.74844733,4
2012,2012-12-19,1630,12,4,16,3,N,A,Y,A,H,B,A,01,W,08,A,,,,,C,Y,N,D,5,0,0,0,22107.0,2,39.00317219,-121.64579345,2
2013,2013-06-29,2026,6,2,20,6,N,A,N,A,H,A,A,01,S,08,E,,,,,I,Y,N,D,0,0,0,0,22107.0,1,39.0738192,-121.606921,1
2013,2013-10-31,2151,10,3,21,4,Y,A,N,A,H,D,N,60,,11,G,Y,,,,B,Y,F,D,0,0,0,0,21954.0,5,39.1323951,-121.6333432,1
2013,2013-11-06,2034,11,3,20,3,N,A,N,A,H,C,N,60,W,11,G,Y,,,,B,Y,N,D,0,0,0,0,21954.0,2,39.1329651,-121.6220732,1
2013,2013-12-05,521,12,4,5,4,N,A,Y,A,H,D,A,01,S,03,D,Y,,,Y,C,Y,N,D,1,1,0,0,22350.0,3,39.0688132,-121.6331641,1
2013,2013-11-12,1038,11,3,10,2,Y,B,N,A,H,A,A,01,,12,D,,,,,C,Y,N,A,3,0,0,0,21453.0,3,39.1323151,-121.6439432,1
2012,2012-10-26,1535,10,3,15,5,N,A,N,A,H,A,A,01,N,08,F,,,,,A,Y,N,D,1,0,0,0,22107.0,1,38.76414522,-121.57691954,2
2012,2012-10-26,1135,10,3,11,5,Y,A,Y,A,H,A,A,01,,09,D,,,,,C,Y,N,A,2,0,0,0,21801.0,2,39.12180253,-121.63460283,3
2012,2012-10-25,950,10,3,9,4,N,A,N,A,H,A,A,07,S,03,C,,,,,C,Y,N,D,3,0,0,0,22350.0,2,39.16276601,-121.66236111,4
2012,2012-10-18,815,10,3,8,4,N,A,N,A,H,A,A,07,S,08,E,,,,,I,N,N,D,1,0,0,0,22107.0,1,39.04719555,-121.68966338,4
2012,2012-10-13,1035,10,3,10,6,N,A,N,A,H,A,A,01,S,05,E,,,,,I,Y,N,D,1,0,0,0,21650.0,1,39.12538612,-121.83794841,3
2012,2012-10-30,1901,10,3,19,2,N,A,Y,A,H,D,L,04,N,09,D,,Y,,,G,N,N,D,1,0,1,0,21801.0,2,39.27903608,-121.66129323,3
2013,2013-02-11,1645,2,4,16,1,N,A,Y,A,H,A,A,01,S,03,C,,,,,C,Y,N,A,2,0,0,0,22350.0,2,39.1322025,-121.634463,4
2013,2013-02-18,1508,2,4,15,1,Y,A,N,A,H,A,A,01,,12,D,,,,,C,Y,N,A,1,0,0,0,21453.0,2,39.1418951,-121.6554932,4
2012,2012-11-19,1224,11,3,12,1,Y,A,N,A,H,A,A,01,,12,D,,,,,C,Y,N,A,1,0,0,0,21453.0,2,39.13587505,-121.61372321,4