ACCIDENT_YEAR,COLLISION_DATE,COLLISION_TIME,MONTH,SEASON,24HOURS,DAY_OF_WEEK,INTERSECTION,WEATHER_1,STATE_HWY_IND,ROAD_SURFACE,ROAD_COND_1,LIGHTING,STWD_VEHTYPE_AT_FAULT,CHP_VEHTYPE_AT_FAULT,DIRECTION,PCF_VIOL_CATEGORY,TYPE_OF_COLLISION,PEDESTRIAN_ACCIDENT,BICYCLE_ACCIDENT,MOTORCYCLE_ACCIDENT,TRUCK_ACCIDENT,MVIW,TOW_AWAY,HIT_AND_RUN,CONTROL_DEVICE,NUMBER_INJURED,COUNT_PED_INJURED,COUNT_BICYCLIST_INJURED,COUNT_MC_INJURED,PCF_VIOLATION,PARTY_COUNT,POINT_Y,POINT_X,COLLISION_SEVERITY
2013,2013-06-30,1901,6,2,19,7,Y,A,N,A,H,A,D,22,,01,D,,,,,C,Y,N,D,5,0,0,0,23152.0,2,38.954665,-121.4875832,2
2013,2013-07-10,2005,7,2,20,3,N,A,N,A,H,A,D,22,S,08,F,,,,,A,Y,N,D,1,0,0,0,22107.0,1,38.9009052,-121.5431801,4
2013,2013-07-09,10,7,2,0,2,N,A,N,A,H,D,A,01,W,01,C,,,,Y,E,Y,M,D,1,0,0,0,23152.0,2,38.9141394,-121.5253345,3
2013,2013-06-16,1043,6,2,10,7,N,A,Y,A,H,A,A,07,W,04,C,,,,,C,N,N,A,2,0,0,0,21703.0,2,39.1330086,-121.6344578,4
2013,2013-06-06,253,6,2,2,4,Y,A,N,A,H,C,A,01,,08,E,,,,,I,Y,N,D,1,0,0,0,22107.0,1,39.1234251,-121.6108032,3
2013,2013-06-05,1543,6,2,15,3,Y,A,N,A,H,A,A,01,,03,C,,,,,C,N,N,A,1,0,0,0,22350.0,2,39.135325,-121.6153332,4
2013,2013-06-12,910,6,2,9,3,N,A,N,A,H,A,A,01,S,21,D,,,Y,,C,Y,N,D,1,0,0,1,22106.0,2,39.12723469,-121.62836194,3
2013,2013-06-18,1244,6,2,12,2,N,A,N,A,H,A,-,- ,S,03,B,,,,,C,N,F,D,1,0,0,0,22350.0,2,39.1449061,-121.6145327,4
2013,2013-06-24,851,6,2,8,1,N,C,N,B,H,A,A,01,N,03,E,,,,,I,Y,N,A,1,0,0,0,22350.0,1,39.13817701,-121.60766244,4
2013,2013-06-24,1412,6,2,14,1,Y,B,N,B,H,A,A,01,,09,D,,,,,C,Y,N,A,1,0,0,0,21801.0,2,39.124835,-121.6310731,4
2013,2013-06-24,1746,6,2,17,1,N,B,Y,A,H,A,-,- ,S,03,C,,,,,C,Y,N,A,1,0,0,0,22350.0,3,39.1314836,-121.6344623,4
2013,2013-06-24,1356,6,2,13,1,Y,C,N,B,H,A,A,01,,09,D,,,,,C,Y,N,A,2,0,0,0,21802.0,2,39.0834351,-121.6437332,4
2013,2013-06-25,735,6,2,7,2,N,C,Y,B,H,A,A,01,N,08,F,,,,,A,Y,N,D,1,0,0,0,22107.0,1,39.2471424,-121.6511578,4
2013,2013-06-25,400,6,2,4,2,N,C,N,B,H,D,A,01,W,08,E,,,,,I,Y,N,D,1,0,0,0,22107.0,1,39.0689807,-121.6443884,4
2013,2013-06-29,745,6,2,7,6,N,A,N,A,H,A,A,01,N,08,F,,,,,A,Y,N,D,1,0,0,0,22107.0,1,39.1967349,-121.6601938,3
2013,2013-07-04,340,7,2,3,4,N,A,Y,A,H,D,A,01,N,05,A,,,,,C,Y,F,A,9,0,0,0,21650.0,2,38.9960114,-121.6720717,2
2013,2013-07-10,1730,7,2,17,3,N,A,Y,A,H,A,A,01,W,03,C,,,,,C,Y,N,A,2,0,0,0,22350.0,2,39.0982369,-121.6344051,4
2013,2013-07-07,700,7,2,7,7,N,A,N,A,H,A,C,02,S,03,E,,,Y,,I,Y,N,D,1,0,0,1,22350.0,1,39.1872794,-121.7317556,2
2013,2013-07-05,1912,7,2,19,5,N,A,N,A,H,A,L,04,N,05,G,,Y,,,G,N,N,A,1,0,1,0,21650.0,2,39.1272826,-121.6439341,4
2013,2013-07-12,708,7,2,7,5,Y,A,N,A,H,A,D,22,,12,D,,,,,C,Y,N,A,1,0,0,0,21453.0,2,39.135325,-121.6153332,4
2013,2013-07-09,1443,7,2,14,2,N,A,N,A,H,A,D,22,N,04,D,,,,,C,N,N,A,1,0,0,0,21703.0,2,39.13881153,-121.64392054,4
2013,2013-06-27,1507,6,2,15,4,N,A,Y,A,H,A,L,04,N,05,D,,Y,,,G,N,N,A,1,0,1,0,21650.0,2,39.1416452,-121.6442865,3
2013,2013-06-14,1742,6,2,17,5,N,A,N,A,H,A,A,01,S,07,B,,,Y,,C,N,N,A,1,0,0,1,21658.0,2,39.1414291,-121.6555213,3
2013,2013-07-11,1019,7,2,10,4,N,A,N,A,H,A,A,01,S,09,D,,,,,C,Y,N,D,3,0,0,0,21804.0,2,39.1472413,-121.6440057,4
2013,2013-07-10,1539,7,2,15,3,N,A,Y,A,H,A,C,02,W,09,D,,,Y,,C,Y,N,D,1,0,0,1,21804.0,2,39.1417411,-121.6457259,3
2013,2013-07-14,732,7,2,7,7,N,A,N,A,H,A,A,01,W,08,C,,,,,C,N,F,D,1,0,0,0,22107.0,2,39.1482351,-121.6217813,3
2013,2013-07-10,1435,7,2,14,3,Y,A,N,A,H,A,A,01,,09,B,,,,,C,Y,N,D,1,0,0,0,21801.0,2,39.1323851,-121.6354232,4
2013,2013-07-07,321,7,2,3,7,N,A,N,A,H,C,N,60,S,11,G,Y,,,,B,Y,N,D,1,1,0,0,21954.0,2,39.1410269,-121.6255931,2
2013,2013-07-11,1839,7,2,18,4,Y,A,Y,A,H,A,A,01,,01,C,,,,,C,Y,N,A,1,0,0,0,23152.0,2,39.1416765,-121.6394636,4
2013,2013-07-03,1925,7,2,19,3,N,A,N,A,H,A,D,22,E,01,E,,,,,I,Y,N,D,1,0,0,0,23152.0,1,39.38091576,-121.22353435,2
2013,2013-07-10,936,7,2,9,3,N,A,Y,A,H,A,A,01,N,- ,F,,,,,A,Y,N,D,1,0,0,0,,1,38.9094669,-121.6928774,3
2013,2013-07-14,1321,7,2,13,7,N,A,N,A,H,A,A,01,N,03,C,,,,,C,Y,M,A,1,0,0,0,22350.0,2,39.1075824,-121.6166471,4
2013,2013-07-22,910,7,2,9,1,N,A,N,A,H,A,C,02,S,08,E,,,Y,,I,Y,N,D,1,0,0,1,22107.0,1,39.16830433,-121.62670434,3
2013,2013-07-16,745,7,2,7,2,N,A,Y,A,H,A,L,04,S,05,D,,Y,,,G,N,F,D,1,0,1,0,21650.0,2,39.1416241,-121.6307295,4
2013,2013-07-13,1813,7,2,18,6,Y,A,N,A,H,B,A,01,,12,D,,,,,C,,N,A,2,0,0,0,21453.0,2,39.14535954,-121.63284481,4
2013,2013-07-24,1128,7,2,11,3,Y,A,N,A,H,A,A,01,,17,B,,,,,C,Y,N,A,1,0,0,0,21461.0,2,39.1516551,-121.6342331,4
2013,2013-08-03,1853,8,2,18,6,N,A,N,A,H,A,A,07,N,03,C,,,,,C,Y,N,D,2,0,0,0,22350.0,2,39.1432996,-121.6485241,4
2013,2013-08-09,1109,8,2,11,5,N,-,Y,A,H,A,-,- ,S,03,C,,,,,C,N,N,A,1,0,0,0,22350.0,2,39.1410052,-121.6161332,4
2013,2013-08-07,1855,8,2,18,3,Y,A,Y,A,H,A,A,01,,09,A,,,,,C,Y,N,D,2,0,0,0,21801.0,2,39.132365,-121.6367932,4
2013,2013-08-12,14,8,2,0,1,N,A,N,A,H,C,C,02,N,03,H,,,Y,,I,Y,N,D,1,0,0,1,22350.0,1,39.1525441,-121.6367225,3
2013,2013-08-02,1230,8,2,12,5,Y,A,N,A,H,A,-,- ,,03,C,,,,,C,N,N,A,1,0,0,0,22350.0,2,39.132545,-121.6233432,4
2013,2013-07-15,1735,7,2,17,1,N,A,Y,A,H,A,A,07,S,03,C,,,,,C,N,N,D,1,0,0,0,22350.0,3,38.7486192,-121.5401824,4
2013,2013-07-10,720,7,2,7,3,Y,A,N,A,H,A,D,22,,09,D,,,,,C,Y,N,A,2,0,0,0,21802.0,2,39.1708951,-121.6335432,3
2013,2013-07-25,1602,7,2,16,4,Y,A,N,A,H,A,-,- ,,01,B,,,,,C,Y,N,D,1,0,0,0,23152.0,2,39.1194251,-121.6164932,4
2013,2013-07-15,1610,7,2,16,1,N,A,Y,A,H,A,A,01,S,01,C,,,,Y,A,Y,N,D,1,0,0,0,23152.0,2,39.0978113,-121.6344172,3
2013,2013-07-12,1130,7,2,11,5,N,A,Y,A,D,A,E,22,N,03,A,,,,,C,Y,N,D,2,0,0,0,22350.0,4,38.9033636,-121.5889186,3
2013,2013-07-19,535,7,2,5,5,Y,A,Y,A,H,A,D,22,,03,C,,,,,C,N,N,A,1,0,0,0,22350.0,2,38.7497524,-121.5402885,4
2013,2013-07-15,1500,7,2,15,1,N,A,Y,A,H,A,A,01,S,03,C,,,,,C,Y,N,D,3,0,0,0,22350.0,2,39.2133485,-121.6401324,4
2013,2013-07-14,1553,7,2,15,7,N,A,N,A,H,A,A,01,N,08,E,,,,,I,Y,N,D,1,0,0,0,22107.0,1,39.284545,-121.6876933,3
2013,2013-07-13,920,7,2,9,6,N,A,N,A,H,A,C,02,E,03,F,,,Y,,A,Y,N,D,2,0,0,2,22350.0,1,39.1863472,-121.7771679,2
2013,2013-07-21,2000,7,2,20,7,N,A,Y,A,H,B,A,01,E,08,D,,,,,C,Y,N,A,2,0,0,0,22107.0,2,38.9725727,-121.6052653,3
2013,2013-07-20,725,7,2,7,6,Y,A,N,A,H,A,E,22,,03,C,,,,,C,N,N,A,1,0,0,0,22350.0,2,39.0983251,-121.6319232,3
2013,2013-07-24,550,7,2,5,3,N,A,N,A,H,A,G,26,N,08,C,,,,Y,C,Y,N,D,1,0,0,0,22107.0,2,39.0581301,-121.6719685,3
2013,2013-07-27,2029,7,2,20,6,N,A,N,A,H,A,D,22,W,01,G,Y,,,,B,N,N,D,1,1,0,0,23152.0,2,39.0772854,-121.54286206,3
2013,2013-07-27,1328,7,2,13,6,Y,A,N,A,H,A,A,01,,09,D,,,,,C,Y,N,D,1,0,0,0,21801.0,2,39.0258651,-121.6174031,3
2013,2013-08-07,1740,8,2,17,3,Y,A,N,A,H,A,D,22,,09,D,,,,,C,Y,N,A,2,0,0,0,21802.0,2,39.1707051,-121.6623533,4
2013,2013-07-18,1751,7,2,17,4,Y,A,N,A,H,A,A,01,,09,D,,,,,C,Y,N,A,2,0,0,0,21802.0,2,39.141895,-121.6161932,3
2013,2013-08-03,1015,8,2,10,6,N,A,Y,A,H,A,A,01,S,08,E,,,,,I,Y,N,D,1,0,0,0,22107.0,1,38.958016,-121.6067929,4
2013,2013-07-25,1357,7,2,13,4,N,A,N,A,H,A,D,22,E,03,C,,,,,C,N,N,D,1,0,0,0,22350.0,3,39.1322673,-121.6277726,4
2013,2013-08-09,802,8,2,8,5,Y,A,N,A,H,A,L,04,,05,B,,Y,,,G,N,N,D,1,0,1,0,21650.0,2,39.1189651,-121.6221132,4
2013,2013-08-02,1016,8,2,10,5,Y,A,N,A,H,A,A,01,,04,C,,,,,C,Y,N,A,3,0,0,0,21703.0,2,39.1397351,-121.6301832,3
2013,2013-08-13,1852,8,2,18,2,N,A,N,A,H,A,-,- ,E,18,H,,,,,A,N,N,A,1,0,0,0,,1,39.1544622,-121.6668642,3
2013,2013-08-12,2130,8,2,21,1,Y,A,N,A,H,C,A,01,,12,D,,,,,C,N,N,D,1,0,0,0,22450.0,2,39.1597151,-121.6301431,4
2013,2013-08-18,1945,8,2,19,7,Y,A,N,A,H,A,L,04,,12,D,,Y,,,G,N,N,A,1,0,1,0,21453.0,2,39.1323251,-121.6298932,3
2013,2013-08-05,1419,8,2,14,1,N,A,Y,A,H,A,A,08,E,03,C,,,,,C,N,N,D,4,0,0,0,22350.0,4,39.1417542,-121.6278277,4
2013,2013-08-08,1505,8,2,15,4,Y,A,N,A,H,A,A,01,,12,D,,,,,C,Y,N,A,1,0,0,0,21453.0,2,39.1480651,-121.6440032,3
2013,2013-08-02,1325,8,2,13,5,N,A,Y,A,H,A,A,01,S,04,C,,,,,C,Y,N,A,1,0,0,0,21703.0,2,39.1399715,-121.6345432,4
2013,2013-08-12,1143,8,2,11,1,N,A,Y,A,H,A,A,01,W,06,D,,,,,C,N,N,D,1,0,0,0,21755.0,2,39.1417118,-121.6357879,4
2013,2013-07-12,1614,7,2,16,5,N,A,N,A,H,A,L,04,N,05,G,,Y,,,G,N,N,D,1,0,1,0,21650.0,2,39.1466781,-121.6302151,4
2013,2013-07-27,502,7,2,5,6,N,A,Y,A,H,C,A,01,W,05,E,,,,,I,Y,F,D,1,0,0,0,21650.0,1,39.1409277,-121.6194875,4
2013,2013-08-16,2300,8,2,23,5,Y,A,Y,A,H,C,D,22,,12,C,,,,,C,Y,N,A,2,0,0,0,21453.0,2,39.1127779,-121.6346239,4
2013,2013-08-21,914,8,2,9,3,N,A,N,A,H,A,A,01,N,09,D,Y,,,,B,N,N,D,1,1,0,0,21804.0,2,39.1384958,-121.6300958,4
2013,2013-08-24,2227,8,2,22,6,N,A,N,A,H,D,L,04,N,14,E,,Y,,,I,N,N,D,1,0,1,0,21201.0,1,39.14491715,-121.60938621,3
2013,2013-08-10,215,8,2,2,6,N,A,N,A,H,D,A,01,W,01,E,,,,,I,Y,N,A,2,0,0,0,23152.0,1,39.0252619,-121.6725746,2
2013,2013-08-12,1535,8,2,15,1,N,A,N,A,-,A,A,01,N,08,E,,,,,I,Y,N,D,1,0,0,0,22107.0,1,39.1021877,-121.8286289,3
2013,2013-08-05,640,8,2,6,1,N,A,N,A,H,A,A,01,W,10,G,Y,,,,B,N,N,A,1,1,0,0,21954.0,2,39.1004367,-121.6171793,3
2013,2013-08-27,1342,8,2,13,2,N,A,Y,A,H,A,D,22,S,05,E,,,,,I,Y,N,D,1,0,0,0,21650.0,1,38.8462515,-121.5444183,2
2013,2013-09-03,1730,9,3,17,2,Y,A,N,A,H,A,D,22,,12,D,,,Y,,C,N,F,A,1,0,0,1,22450.0,2,39.135495,-121.6189532,4
2013,2013-08-30,306,8,2,3,5,N,A,N,A,H,C,N,60,S,11,G,Y,,,,B,Y,N,D,1,1,0,0,21954.0,2,39.1563046,-121.6260625,2
2013,2013-08-22,748,8,2,7,4,N,A,Y,A,H,A,A,01,S,03,C,,,,,C,Y,N,D,1,0,0,0,22350.0,4,39.1248641,-121.6345356,4
2013,2013-08-27,1234,8,2,12,2,N,A,N,A,H,A,A,01,N,06,B,,,,,C,N,N,A,2,0,0,0,21750.0,2,39.1440724,-121.6302243,4
2013,2013-08-30,1835,8,2,18,5,N,A,N,A,H,A,-,- ,S,09,G,,,,,J,N,N,D,1,0,0,0,21804.0,2,,,3
2013,2013-09-09,734,9,3,7,1,N,A,N,A,H,A,L,04,S,05,D,,Y,,,G,N,N,A,1,0,1,0,21650.0,2,39.1309177,-121.6298333,4
2013,2013-09-05,1844,9,3,18,4,N,A,N,A,H,A,A,01,W,08,C,,,,,C,N,N,D,1,0,0,0,22107.0,2,39.1272514,-121.6442858,4
2013,2013-09-04,1651,9,3,16,3,N,A,N,A,H,A,N,60,N,11,B,Y,,,,C,N,N,D,1,1,0,0,21954.0,2,39.1282349,-121.6096666,4
2013,2013-09-03,1451,9,3,14,2,N,A,N,A,B,A,-,- ,W,17,C,,,,,C,N,N,D,1,0,0,0,23114.0,3,39.1360203,-121.61348104,4
2013,2013-07-06,809,7,2,8,6,N,A,Y,A,H,A,D,22,N,03,C,,,,,C,N,N,D,2,0,0,0,22350.0,2,39.2741734,-121.6607811,4
2013,2013-09-01,530,9,3,5,7,N,B,N,A,H,D,D,22,W,08,E,,,,,I,Y,N,D,1,0,0,0,22107.0,1,39.1002572,-121.8944874,3
2013,2013-09-05,715,9,3,7,4,Y,A,N,A,H,A,D,22,,09,D,,,,Y,C,Y,N,A,1,0,0,0,21802.0,2,39.1707051,-121.6623533,3
2013,2013-08-30,1515,8,2,15,5,N,A,Y,A,H,A,A,07,N,03,C,,,,,C,Y,N,A,1,0,0,0,22350.0,2,38.7499444,-121.5406779,4
2013,2013-09-27,1110,9,3,11,5,N,A,N,A,H,A,D,22,W,01,F,,,,,I,Y,N,D,1,0,0,0,23152.0,1,38.9615515,-121.5169246,3
2013,2013-07-28,1355,7,2,13,7,N,A,N,A,H,A,A,01,S,08,C,,,Y,,C,Y,N,D,1,0,0,1,22107.0,2,38.7467982,-121.5958032,3
2013,2013-07-25,2205,7,2,22,4,N,A,N,A,H,D,A,01,W,08,E,,,,,I,Y,N,D,3,0,0,0,22107.0,1,39.1637647,-121.7012425,4
2013,2013-09-16,2015,9,3,20,1,N,A,N,A,H,D,G,26,E,03,F,,,,Y,A,Y,N,A,1,0,0,0,22350.0,1,39.0222553,-121.78157151,4
2013,2013-09-08,21,9,3,0,7,N,A,Y,A,D,D,A,01,S,03,C,,,,,D,Y,N,D,3,0,0,0,22350.0,3,38.9100446,-121.596561,4
2013,2013-09-07,1740,9,3,17,6,N,A,N,A,H,A,A,07,S,03,C,,,,,C,Y,N,D,2,0,0,0,22350.0,3,39.1247646,-121.6719433,4
2013,2013-09-10,1800,9,3,18,2,N,A,Y,A,H,A,A,01,N,21,C,,,,,C,Y,N,D,3,0,0,0,22106.0,2,39.248103,-121.6515419,4
2013,2013-09-01,1646,9,3,16,7,N,A,N,A,H,A,A,01,N,21,C,,,,,C,N,N,D,1,0,0,0,22106.0,2,,,4
2013,2013-09-03,839,9,3,8,2,N,A,Y,A,H,A,A,01,W,21,C,,,,,C,N,N,D,1,0,0,0,22106.0,2,39.1416952,-121.6346232,4
2013,2013-09-20,750,9,3,7,5,Y,A,N,A,H,A,D,22,,10,G,Y,,,,B,N,N,A,2,2,0,0,21950.0,3,39.276015,-121.6680633,3
2013,2013-09-16,1328,9,3,13,1,N,-,Y,A,H,A,D,22,E,03,C,,,,,C,N,M,A,2,0,0,0,22350.0,2,39.1417335,-121.6305991,4
2013,2013-09-15,1623,9,3,16,7,N,A,Y,A,H,A,D,22,W,03,C,,,,,C,Y,N,A,2,0,0,0,22350.0,2,39.1272446,-121.6298209,4
2013,2013-08-14,1719,8,2,17,3,N,A,N,A,H,A,A,07,W,03,C,,,,,C,,N,D,1,0,0,0,22350.0,2,39.2760302,-121.6652716,4
2013,2013-08-03,1834,8,2,18,6,N,A,Y,A,H,A,A,01,S,03,C,,,,,C,Y,N,A,2,0,0,0,22350.0,3,39.2747405,-121.6609066,4
2013,2013-08-25,521,8,2,5,7,N,B,N,A,H,D,A,01,N,08,E,,,,,J,Y,N,D,1,0,0,0,22107.0,1,39.1992289,-121.8959702,3
2013,2013-09-14,333,9,3,3,6,Y,A,Y,A,D,C,A,01,,12,D,,,,Y,C,Y,N,A,1,0,0,0,21453.0,2,38.749894,-121.5403059,4
2013,2013-09-06,900,9,3,9,5,N,A,Y,A,H,A,A,01,N,03,C,,,,,C,N,N,D,2,0,0,0,22350.0,3,39.1279288,-121.6345304,4
2013,2013-09-12,1310,9,3,13,4,N,A,N,A,H,A,-,- ,N,03,E,,,,,I,Y,N,A,1,0,0,0,22350.0,1,39.1595561,-121.6221861,3
2013,2013-09-09,848,9,3,8,1,N,A,N,A,H,A,A,01,S,08,D,,,,,C,Y,N,A,2,0,0,0,22102.0,2,39.1392841,-121.6092636,4
2013,2013-09-11,1502,9,3,15,3,Y,A,N,A,H,A,-,- ,,21,C,,,,,C,N,N,A,1,0,0,0,22106.0,2,39.1436951,-121.6208232,4
2013,2013-09-19,1752,9,3,17,4,Y,A,N,A,H,A,A,01,,09,D,,,,,C,Y,N,A,2,0,0,0,21802.0,2,39.1707051,-121.6623533,4
2013,2013-11-21,1047,11,3,10,4,N,A,Y,A,H,A,J,48,E,09,D,,,,,C,Y,N,D,1,0,0,0,21801.0,2,39.129688,-121.6066617,3
2013,2013-08-13,1730,8,2,17,2,N,A,N,A,H,A,A,01,W,08,D,,,,,C,Y,N,D,1,0,0,0,22107.0,2,39.1268785,-121.6192878,4
2013,2013-09-13,1514,9,3,15,5,N,A,Y,A,H,A,A,01,S,03,C,,,,,C,N,N,A,1,0,0,0,22350.0,3,39.2731815,-121.6605572,4
2013,2013-09-13,819,9,3,8,5,Y,A,Y,A,H,A,A,01,,09,D,,,,,C,Y,N,A,2,0,0,0,21801.0,2,39.1413552,-121.6624332,4
2013,2013-09-09,1831,9,3,18,1,Y,A,Y,A,H,C,A,01,,10,G,Y,,,,B,N,F,A,1,1,0,0,21950.0,2,39.1414677,-121.6211873,4
2013,2013-09-30,1026,9,3,10,1,N,B,Y,A,H,A,A,01,W,09,D,,,,,C,Y,N,D,1,0,0,0,21802.0,2,39.1417411,-121.6457259,4
2013,2013-09-19,700,9,3,7,4,N,A,N,A,H,A,A,01,E,10,G,Y,,,,B,N,N,A,1,1,0,0,21950.0,2,39.1054051,-121.6301221,3
2013,2013-09-10,850,9,3,8,2,N,A,Y,A,H,A,A,01,W,03,C,,,,,C,Y,N,D,2,0,0,0,22350.0,2,39.0046181,-121.6334542,3
2013,2013-08-28,1917,8,2,19,3,Y,A,Y,A,H,B,I,11,,03,C,,,,,C,N,N,D,2,0,0,0,22350.0,2,39.2783153,-121.6612932,4
2013,2013-10-03,2047,10,3,20,4,N,A,Y,A,D,D,D,22,N,01,E,,,,,I,Y,N,D,1,0,0,0,23152.0,1,38.751062,-121.5408843,3
2013,2013-10-15,1254,10,3,12,2,N,A,N,A,H,A,F,25,N,09,D,,,Y,Y,C,Y,N,D,1,0,0,1,21802.0,2,39.1089335,-121.6168394,3
2013,2013-10-04,1400,10,3,14,5,N,A,Y,A,H,A,-,- ,W,00,B,,,,,C,Y,N,D,2,0,0,0,,2,39.1415108,-121.6219244,3
2013,2013-09-03,800,9,3,8,2,N,A,N,A,H,A,A,01,W,01,G,Y,,,,B,Y,N,A,1,1,0,0,23152.0,2,39.1127041,-121.6557895,2
2013,2013-10-06,1704,10,3,17,7,N,A,Y,A,H,A,L,04,W,05,D,,Y,,,G,N,N,D,1,0,1,0,21202.0,2,39.1416117,-121.6270313,4
2013,2013-10-02,1256,10,3,12,3,N,A,N,A,H,A,A,01,N,08,C,,,,,C,N,N,D,1,0,0,0,22107.0,3,39.1368948,-121.606839,4
2013,2013-10-07,1656,10,3,16,1,N,A,Y,A,H,A,A,01,S,03,C,,,,,C,Y,N,A,2,0,0,0,22350.0,3,38.7442156,-121.540215,3
2013,2013-10-07,1657,10,3,16,1,N,A,Y,A,H,A,A,01,S,03,C,,,,,C,Y,N,D,1,0,0,0,22350.0,3,38.7481951,-121.5401531,4
2013,2013-10-07,1005,10,3,10,1,Y,A,N,A,H,A,A,08,,09,D,,,,,C,Y,N,A,1,0,0,0,21801.0,2,39.167585,-121.7351332,3
2013,2013-10-07,621,10,3,6,1,Y,A,N,A,H,D,A,01,,12,D,,,,,C,Y,N,A,2,0,0,0,22450.0,2,38.961185,-121.5384832,4
2013,2013-10-06,2025,10,3,20,7,N,A,N,A,H,D,A,08,S,03,E,,,,,I,Y,N,D,1,0,0,0,22350.0,1,39.1286101,-121.9124747,3
2013,2013-10-05,1510,10,3,15,6,Y,A,N,A,H,A,A,01,,03,C,,,,,C,Y,N,D,2,0,0,0,22350.0,2,39.0258651,-121.6174031,3
2013,2013-10-27,114,10,3,1,7,N,A,N,A,H,D,D,22,E,01,F,,,,,I,N,N,D,1,0,0,0,23152.0,1,38.9097187,-121.5705041,3
2013,2013-11-15,1358,11,3,13,5,N,A,Y,A,H,A,D,23,E,03,C,,,,,C,Y,N,A,1,0,0,0,22350.0,2,39.1415568,-121.65516,4
2013,2013-11-15,1718,11,3,17,5,N,A,Y,A,H,A,A,01,N,03,C,,,,,C,N,N,A,1,0,0,0,22350.0,2,39.133457,-121.6344619,4
2013,2013-10-18,1721,10,3,17,5,N,A,Y,A,H,A,D,22,W,03,C,,,,,C,N,N,D,1,0,0,0,22350.0,2,39.1416789,-121.6398352,4
2013,2013-10-18,1708,10,3,17,5,N,A,Y,A,H,A,A,01,E,03,C,,,,,C,N,N,A,1,0,0,0,22350.0,3,39.141679,-121.6388928,4
2013,2013-10-25,805,10,3,8,5,Y,A,N,A,H,A,D,22,,09,D,,,,,C,Y,N,A,1,0,0,0,21802.0,2,39.119145,-121.6188631,4
2013,2013-10-11,805,10,3,8,5,N,A,Y,A,H,A,A,01,E,03,C,,,,,C,Y,N,D,3,0,0,0,22350.0,3,39.1425143,-121.6122067,4
2013,2013-10-09,1933,10,3,19,3,N,A,N,A,H,C,N,60,E,11,G,Y,,,,B,Y,N,D,1,1,0,0,21954.0,2,39.1323259,-121.6428857,2
2013,2013-10-11,1021,10,3,10,5,N,A,N,A,H,A,-,- ,W,18,C,,,,,E,Y,N,D,1,0,0,0,,2,39.1597068,-121.6307981,4
2013,2013-10-18,1637,10,3,16,5,N,A,N,A,H,A,A,01,N,09,D,,,,,C,Y,N,A,1,0,0,0,21802.0,2,39.1446497,-121.6176833,4
2013,2013-10-15,1547,10,3,15,2,Y,A,Y,A,H,A,A,01,,09,A,,,,,D,Y,N,D,1,0,0,0,21801.0,2,39.1414994,-121.6241683,4
2013,2013-10-18,1814,10,3,18,5,Y,A,N,A,H,A,A,01,,03,C,,,,,C,N,N,A,2,0,0,0,22350.0,2,39.1321751,-121.6251532,4
2013,2013-10-20,203,10,3,2,7,Y,A,N,A,H,C,C,02,,01,D,,,Y,,C,Y,N,D,1,0,0,1,23152.0,2,39.141895,-121.6161932,2
2013,2013-10-18,1628,10,3,16,5,Y,A,N,A,H,A,A,01,,10,G,Y,,,,B,N,F,D,1,1,0,0,21950.0,2,39.1299851,-121.6298332,4
2013,2013-11-02,1205,11,3,12,6,Y,A,Y,A,H,A,A,01,,08,B,,,,,C,N,N,D,1,0,0,0,22107.0,2,39.141614,-121.6242293,4
2013,2013-11-06,1533,11,3,15,3,N,A,Y,A,H,A,A,01,S,- ,C,,,,,C,Y,N,D,1,0,0,0,,2,39.140897,-121.6302193,4
2013,2013-10-31,2151,10,3,21,4,N,A,N,A,H,D,A,01,W,01,C,Y,,,Y,E,N,N,D,3,2,0,0,23152.0,5,39.09923519,-121.6218406,3
2013,2013-10-04,1320,10,3,13,5,Y,A,N,A,H,A,A,08,,21,C,,,,,C,Y,N,A,2,0,0,0,22106.0,2,39.1272651,-121.6247832,4
2013,2013-10-15,1601,10,3,16,2,Y,A,Y,A,H,A,-,- ,,08,D,,,,,C,N,N,D,2,0,0,0,22107.0,2,39.1416409,-121.6283252,4
2013,2013-10-09,1910,10,3,19,3,Y,A,N,A,H,C,A,01,,12,D,,,,,C,Y,N,A,1,0,0,0,22450.0,2,39.127205,-121.6532731,4
2013,2013-10-03,1130,10,3,11,4,Y,A,N,A,H,A,-,- ,,03,C,,,,,C,N,N,A,2,0,0,0,22350.0,2,39.1322751,-121.6279131,4
2013,2013-11-13,801,11,3,8,3,N,A,Y,A,H,A,A,01,N,08,D,,,,,C,N,N,D,1,0,0,0,22107.0,3,39.0075051,-121.6627276,4
2013,2013-10-25,840,10,3,8,5,N,A,Y,A,H,A,A,01,N,03,C,,,,Y,C,Y,N,D,1,0,0,0,22350.0,2,38.8257343,-121.7179209,3
2013,2013-11-03,720,11,3,7,7,N,A,N,A,G,A,N,60,E,11,G,Y,,,,B,N,N,D,1,1,0,0,21954.0,2,39.1530687,-121.6618734,4
2013,2013-11-22,1313,11,3,13,5,Y,A,N,A,H,A,D,22,,09,A,,,,,C,Y,N,D,2,0,0,0,21802.0,2,39.144258,-121.6131795,4
2013,2013-11-01,1511,11,3,15,5,Y,A,N,A,H,A,A,01,,09,D,,,,,C,Y,N,A,1,0,0,0,21802.0,2,39.137905,-121.6485332,3
2013,2013-11-09,755,11,3,7,6,Y,A,N,A,H,A,A,07,,03,C,,,,,C,N,N,A,1,0,0,0,22350.0,2,39.132365,-121.6367932,4
2013,2013-11-13,1221,11,3,12,3,Y,A,N,A,H,A,A,01,,21,C,,,,,C,N,N,D,1,0,0,0,22106.0,2,39.132365,-121.6367932,4
2013,2013-11-25,1615,11,3,16,1,Y,A,N,A,H,A,A,01,,21,D,,,,,C,Y,N,A,2,0,0,0,22106.0,2,39.1126851,-121.6273532,3
2013,2013-11-27,918,11,3,9,3,Y,A,Y,A,H,A,A,01,,04,C,,,,,C,N,N,A,1,0,0,0,21703.0,2,39.12763,-121.6345361,4
2013,2013-11-19,1523,11,3,15,2,N,B,N,B,H,A,A,07,W,08,C,,,,,C,Y,N,D,1,0,0,0,22107.0,2,,,4
2013,2013-11-14,1545,11,3,15,4,Y,A,N,A,H,A,A,01,,09,D,,,,,C,N,N,D,3,0,0,0,21801.0,2,39.1323851,-121.6354232,3