ACCIDENT_YEAR,COLLISION_DATE,COLLISION_TIME,MONTH,SEASON,24HOURS,DAY_OF_WEEK,INTERSECTION,WEATHER_1,STATE_HWY_IND,ROAD_SURFACE,ROAD_COND_1,LIGHTING,STWD_VEHTYPE_AT_FAULT,CHP_VEHTYPE_AT_FAULT,DIRECTION,PCF_VIOL_CATEGORY,TYPE_OF_COLLISION,PEDESTRIAN_ACCIDENT,BICYCLE_ACCIDENT,MOTORCYCLE_ACCIDENT,TRUCK_ACCIDENT,MVIW,TOW_AWAY,HIT_AND_RUN,CONTROL_DEVICE,NUMBER_INJURED,COUNT_PED_INJURED,COUNT_BICYCLIST_INJURED,COUNT_MC_INJURED,PCF_VIOLATION,PARTY_COUNT,POINT_Y,POINT_X,COLLISION_SEVERITY
2014,2014-08-02,1409,8,2,14,6,Y,A,N,A,H,A,A,01,,01,C,,,,,C,N,F,A,1,0,0,0,23153.0,2,39.14929995,-121.64832996,4
2014,2014-08-21,1854,8,2,18,4,N,A,N,A,H,B,A,07,N,05,E,,,,,I,Y,M,D,1,0,0,0,21650.0,1,39.12987444,-121.61471495,4
2014,2014-07-29,456,7,2,4,2,Y,A,N,A,H,B,B,08,,12,D,,,,,C,Y,N,A,2,0,0,0,21453.0,2,39.12729993,-121.64388999,3
2014,2014-08-29,805,8,2,8,5,N,B,Y,A,H,A,A,07,N,08,B,,,,Y,C,Y,N,D,1,0,0,0,22107.0,2,39.17540486,-121.63495381,4
2014,2014-08-14,230,8,2,2,4,N,A,N,A,H,D,D,22,W,01,E,,,,,I,Y,N,D,1,0,0,0,23152.0,1,38.86759,-121.48805,2
2014,2014-08-13,0,8,2,0,3,N,A,N,A,H,D,D,22,E,01,D,,,,,E,Y,N,D,1,0,0,0,23152.0,2,39.1558,-121.8841,4
2014,2014-08-18,710,8,2,7,1,N,A,Y,A,H,A,A,07,N,08,F,,,,,C,Y,N,D,2,0,0,0,22107.0,2,38.82405032,-121.54362163,3
2014,2014-08-22,110,8,2,1,5,N,A,N,A,H,D,A,01,W,03,E,,,,,I,Y,N,D,1,0,0,0,22350.0,1,38.81892725,-121.54602852,4
2014,2014-08-13,809,8,2,8,3,N,A,N,A,H,A,A,01,S,08,E,,,,,I,Y,N,D,1,0,0,0,22107.0,1,39.12186902,-121.68913664,3
2014,2014-07-30,1530,7,2,15,3,N,B,N,A,H,A,A,01,W,03,E,,,,,I,Y,N,D,1,0,0,0,22350.0,1,38.81894726,-121.54599073,4
2014,2014-08-22,1554,8,2,15,5,N,A,N,A,H,A,A,01,W,09,D,,,,,C,N,N,D,2,0,0,0,21804.0,2,39.14746061,-121.64181491,4
2014,2014-08-22,1522,8,2,15,5,N,A,Y,A,H,A,D,22,N,03,C,,,,,C,Y,N,A,2,0,0,0,22350.0,3,39.12873973,-121.63445309,4
2014,2014-08-23,1214,8,2,12,6,Y,A,N,A,H,A,A,07,,12,D,,,,,C,Y,N,A,1,0,0,0,21453.0,2,39.13254,-121.62329996,3
2014,2014-08-05,453,8,2,4,2,Y,A,N,A,H,C,A,07,,12,D,,,,,C,Y,F,A,1,0,0,0,22450.0,2,39.14500996,-121.61449989,3
2014,2014-08-24,2306,8,2,23,7,Y,A,N,A,H,C,A,01,,17,B,,,,,E,Y,N,D,2,0,0,0,21209.0,2,39.15070999,-121.64398995,3
2014,2014-08-26,1621,8,2,16,2,Y,A,Y,A,H,A,A,01,,12,D,,,,,C,Y,N,A,3,0,0,0,21453.0,2,39.14164361,-121.64863189,4
2014,2014-08-21,1912,8,2,19,4,N,A,N,A,H,A,A,01,N,08,B,,,,,C,Y,N,D,1,0,0,0,22107.0,2,39.14029162,-121.63017589,4
2014,2014-09-01,1712,9,3,17,1,Y,A,N,A,H,A,-,,,08,B,,,,,C,N,N,D,2,0,0,0,22107.0,4,39.13238988,-121.63548993,3
2014,2014-09-12,1321,9,3,13,5,N,A,Y,A,H,A,C,02,W,03,F,,,Y,,I,N,N,A,2,0,0,2,22350.0,1,39.14175505,-121.63945863,3
2014,2014-09-10,2055,9,3,20,3,N,A,Y,A,H,D,-,99,W,05,A,,,Y,,C,N,F,D,1,0,0,1,21650.0,2,39.14161143,-121.64985507,2
2014,2014-09-10,1729,9,3,17,3,N,A,N,A,H,A,N,60,E,11,D,Y,,,,B,N,N,D,1,1,0,0,21954.0,2,39.13632417,-121.6168487,2
2014,2014-09-09,925,9,3,9,2,Y,A,N,A,H,A,A,08,,09,D,,,Y,,C,N,N,A,1,0,0,1,21802.0,2,39.12358988,-121.61377992,3
2014,2014-09-08,1827,9,3,18,1,Y,A,N,A,H,A,B,01,,12,D,,,,,C,Y,N,A,1,0,0,0,21453.0,2,39.13228991,-121.62990987,4
2014,2014-09-08,1632,9,3,16,1,N,A,N,A,H,A,A,01,E,03,C,,,,,C,Y,N,A,1,0,0,0,22350.0,3,39.15160048,-121.63669768,4
2014,2014-09-05,1815,9,3,18,5,Y,A,N,-,H,A,A,01,,12,D,,,,,C,Y,N,A,1,0,0,0,21453.0,2,39.13221994,-121.62515989,4
2014,2014-09-03,907,9,3,9,3,N,A,N,A,H,A,-,,E,09,D,,,,,C,Y,N,D,1,0,0,0,21804.0,2,39.12731,-121.63804062,4
2014,2014-09-03,2140,9,3,21,3,Y,A,N,A,H,D,A,01,,12,E,,,,,I,Y,N,A,1,0,0,0,22450.0,1,39.1878399,-121.71637989,3
2014,2014-08-21,1134,8,2,11,4,Y,A,Y,A,H,A,A,07,,08,A,,,,,C,N,F,A,1,0,0,0,22107.0,2,39.14139,-121.62109,4
2014,2014-08-17,1905,8,2,19,7,N,A,N,A,H,B,A,01,E,03,G,Y,,,,B,N,N,D,1,1,0,0,22350.0,2,39.16456731,-121.74271129,3
2014,2014-08-31,43,8,2,0,7,N,A,Y,A,H,C,A,01,N,08,E,,,,,I,Y,N,D,1,0,0,0,22107.0,1,39.12406454,-121.63450593,4
2014,2014-09-16,1208,9,3,12,2,N,A,N,A,H,A,D,22,N,09,D,,,,,C,Y,N,D,1,0,0,0,21804.0,2,39.14279809,-121.64850807,4
2014,2014-09-16,852,9,3,8,2,Y,A,N,A,H,A,D,22,,09,D,,,,,C,Y,N,A,2,0,0,0,21802.0,2,39.12717989,-121.66015985,4
2014,2014-09-14,1605,9,3,16,7,N,A,Y,A,H,A,A,01,E,03,C,,,,,C,N,F,A,1,0,0,0,22350.0,2,39.14184839,-121.63891285,4
2014,2014-09-15,1124,9,3,11,1,Y,A,Y,A,H,A,A,01,,12,D,,,,,C,Y,N,A,2,0,0,0,21453.0,3,39.1413401,-121.67170581,3
2014,2014-09-14,1610,9,3,16,7,N,A,Y,A,G,A,A,01,E,03,C,,,,,C,N,N,A,1,0,0,0,22350.0,2,39.14156103,-121.65522873,4
2014,2014-09-19,830,9,3,8,5,N,A,Y,A,H,A,G,26,N,05,D,,,,Y,C,Y,N,D,1,0,0,0,21651.0,2,39.00497175,-121.63246593,4
2014,2014-09-18,1845,9,3,18,4,Y,A,N,A,H,B,D,22,,12,D,,,,,C,Y,N,A,1,0,0,0,22450.0,2,39.12709998,-121.67190994,3
2014,2014-09-22,140,9,3,1,1,Y,A,N,A,H,D,D,22,,01,E,,,,,I,Y,N,D,3,0,0,0,23152.0,1,39.10208998,-121.74527992,3
2014,2014-09-21,18,9,3,0,7,N,B,Y,A,H,D,D,22,N,08,E,,,,,I,Y,N,D,1,0,0,0,22107.0,1,38.84074788,-121.54355568,4
2014,2014-09-17,1810,9,3,18,3,Y,A,N,A,H,A,D,22,,09,A,,,,,C,Y,N,D,1,0,0,0,21801.0,2,39.15685989,-121.75504994,4
2014,2014-09-06,1030,9,3,10,6,N,A,N,A,H,A,D,22,N,09,D,,,,,C,N,N,D,1,0,0,0,21801.0,2,39.42327772,-121.36266053,4
2014,2014-09-11,2300,9,3,23,4,N,A,N,A,H,C,D,22,S,01,B,,,,,E,Y,N,D,1,0,0,0,23152.0,2,39.16952511,-121.75346123,4
2014,2014-09-06,1855,9,3,18,6,Y,A,N,A,H,A,A,01,,09,D,,,,,D,Y,N,A,2,0,0,0,21802.0,3,38.78039997,-121.48827991,3
2014,2014-07-24,1837,7,2,18,4,-,A,N,A,H,A,N,60,,11,G,Y,,,,B,N,N,D,1,1,0,0,21956.0,2,39.11226266,-121.64808607,3
2014,2014-11-05,1510,11,3,15,3,Y,A,N,A,H,A,A,01,,12,D,,,,,C,Y,N,A,2,0,0,0,22450.0,2,39.16464995,-121.74520986,4
2014,2014-11-07,1530,11,3,15,5,N,A,N,A,H,A,D,22,W,08,E,,,,,I,Y,N,D,1,0,0,0,22107.0,1,39.11272639,-121.71528004,3
2014,2014-11-07,2105,11,3,21,5,Y,A,Y,A,H,C,D,22,,09,D,,,,,C,Y,N,D,2,0,0,0,21801.0,2,39.12179284,-121.63466388,4
2014,2014-08-19,1857,8,2,18,2,N,A,N,A,H,A,N,60,S,11,A,Y,,,,B,N,N,D,1,1,0,0,21954.0,2,39.2733139,-121.65811784,3
2014,2014-09-17,2108,9,3,21,3,N,A,N,A,H,D,A,08,W,05,A,,,,,D,Y,N,D,1,0,0,0,21460.0,2,39.0689521,-121.6390096,4
2014,2014-09-30,1605,9,3,16,2,Y,A,N,A,H,A,L,04,,05,D,,Y,,,G,Y,N,A,1,0,1,0,21650.0,2,39.14435995,-121.61762991,3
2014,2014-10-01,1208,10,3,12,3,N,A,N,A,H,A,A,01,S,03,C,,,,,C,Y,N,D,2,0,0,0,22350.0,2,39.10502914,-121.61641938,4
2014,2014-09-28,1500,9,3,15,7,Y,B,N,A,H,A,D,22,,12,D,,,Y,,C,N,F,A,1,0,0,1,22450.0,2,39.13090989,-121.62508986,2
2014,2014-12-06,1405,12,4,14,6,Y,B,N,A,H,A,A,01,,21,C,,,,,C,N,N,A,1,0,0,0,22106.0,2,39.16265998,-121.64394997,4
2014,2014-10-07,1723,10,3,17,2,N,A,Y,A,H,A,A,01,W,03,C,,,,,C,Y,N,A,1,0,0,0,22350.0,2,39.14179337,-121.63538825,4
2014,2014-10-08,1506,10,3,15,3,N,A,N,A,H,A,C,02,S,03,H,,,Y,,A,Y,N,D,1,0,0,1,22350.0,1,38.93015898,-121.6066736,3
2014,2014-10-10,1503,10,3,15,5,Y,A,N,A,H,A,A,01,,04,C,,,,,C,N,N,D,1,0,0,0,21703.0,2,39.13294998,-121.61199993,4
2014,2014-10-06,1624,10,3,16,1,N,A,N,A,H,A,A,01,S,06,B,,,,,C,N,N,D,1,0,0,0,21755.0,2,39.12905605,-121.63344558,4
2014,2014-10-12,1839,10,3,18,7,Y,A,Y,A,H,A,A,01,,07,C,,,Y,,C,Y,N,A,1,0,0,1,21658.0,2,39.14165097,-121.64838108,4
2014,2014-10-07,1440,10,3,14,2,Y,A,N,A,H,A,A,01,,12,D,,,,,C,Y,N,A,2,0,0,0,21453.0,2,39.1447099,-121.64396991,4
2014,2014-10-05,1706,10,3,17,7,N,A,N,A,H,A,A,01,N,08,D,,,,,C,Y,N,D,2,0,0,0,22107.0,2,39.1393337,-121.6439116,4
2014,2014-10-22,1500,10,3,15,3,N,A,N,A,-,A,A,01,N,05,B,,,,,C,Y,N,D,1,0,0,0,21650.0,2,39.11316814,-121.62263052,4
2014,2014-10-19,1912,10,3,19,7,Y,A,N,A,H,C,-,,,03,C,,,,,C,N,F,A,1,0,0,0,22350.0,2,39.12729993,-121.64388999,4
2014,2014-10-23,1501,10,3,15,4,Y,A,Y,A,H,A,L,04,,09,D,,Y,,,G,N,N,A,1,0,1,0,21802.0,2,39.14142346,-121.62258329,3
2014,2014-09-23,1830,9,3,18,2,N,A,N,A,H,A,D,22,E,03,C,,,,,C,Y,N,D,3,0,0,0,22350.0,2,38.75064064,-121.52516196,3
2014,2014-10-10,1630,10,3,16,5,Y,A,Y,A,H,A,D,22,,09,D,,,,,C,Y,N,A,2,0,0,0,21802.0,2,39.25029296,-121.65233618,3
2014,2014-09-26,628,9,3,6,5,N,E,Y,A,H,B,A,01,S,06,A,,,Y,,C,Y,N,D,2,0,0,1,21751.0,3,38.87890105,-121.70452479,2
2014,2014-09-18,1214,9,3,12,4,Y,A,Y,A,H,A,A,01,,06,D,,,,,C,Y,N,A,1,0,0,0,21755.0,2,39.27710012,-121.66129729,4
2014,2014-10-04,2330,10,3,23,6,N,A,N,A,H,D,A,07,W,05,A,,,,Y,E,Y,F,D,1,0,0,0,21650.0,2,39.27598104,-121.67517395,3
2014,2014-10-17,1345,10,3,13,5,Y,A,N,A,H,A,A,01,,21,C,,,,,C,N,N,A,1,0,0,0,22106.0,2,39.14397992,-121.63021993,4
2014,2014-10-27,1253,10,3,12,1,Y,A,N,A,H,A,L,04,,05,D,,Y,,,G,N,N,D,1,0,1,0,21202.0,2,39.13941993,-121.62553998,4
2014,2014-11-04,1534,11,3,15,2,N,A,Y,A,H,A,A,07,W,03,C,,,,,C,Y,N,A,1,0,0,0,22350.0,3,39.14174708,-121.63982898,4
2014,2014-10-17,1655,10,3,16,5,Y,A,N,A,H,A,A,07,,21,D,,,,,C,Y,N,D,1,0,0,0,22106.0,2,38.78039997,-121.48827991,4
2014,2014-10-16,1755,10,3,17,4,N,A,Y,A,H,A,A,07,N,01,C,,,,,C,Y,N,D,3,0,0,0,23152.0,2,39.22332134,-121.64241717,4
2014,2014-10-24,1520,10,3,15,5,N,A,Y,A,H,A,C,02,S,08,F,,,Y,,A,Y,N,D,1,0,0,1,22107.0,1,38.85427219,-121.54407705,4
2014,2014-11-03,1557,11,3,15,1,N,A,N,A,H,A,-,,N,08,D,,,,,C,Y,N,D,2,0,0,0,22107.0,2,39.15761696,-121.62098966,3
2014,2014-09-24,1528,9,3,15,3,N,A,N,A,H,A,A,01,W,03,C,,,,,C,N,N,D,1,0,0,0,22350.0,2,39.14566752,-121.63554133,4
2014,2014-09-19,1958,9,3,19,5,Y,A,N,A,H,C,-,- ,,00,D,,Y,,,G,N,F,D,1,0,1,0,,2,39.12998997,-121.62984991,3
2014,2014-09-13,1033,9,3,10,6,N,A,N,A,H,A,A,01,S,03,C,,,,,C,N,N,D,2,0,0,0,22350.0,3,39.128986,-121.62491094,3
2014,2014-09-22,731,9,3,7,1,N,A,N,A,H,A,A,01,W,21,C,,,,,C,N,N,-,2,0,0,0,22106.0,2,39.15181143,-121.62078579,4
2014,2014-09-14,2111,9,3,21,7,Y,A,N,A,H,D,A,01,,09,D,,,,,C,Y,N,D,1,0,0,0,21801.0,2,39.12717989,-121.66238991,4
2014,2014-09-17,1126,9,3,11,3,N,A,N,A,H,A,L,04,W,05,B,,Y,,,G,N,N,A,1,0,1,0,21650.0,2,39.12479,-121.62477,3
2014,2014-09-19,1721,9,3,17,5,N,B,N,A,H,A,A,01,E,03,C,,,,,C,Y,N,D,1,0,0,0,22350.0,2,39.13812,-121.6076,4
2014,2014-10-06,2025,10,3,20,1,N,A,N,A,H,D,A,01,W,01,E,,,,,I,Y,N,D,1,0,0,0,23152.0,1,39.27594509,-121.69220609,4
2014,2014-10-04,2100,10,3,21,6,N,A,Y,A,H,C,A,01,N,03,C,,,,,C,Y,N,A,3,0,0,0,22350.0,3,39.11839825,-121.63470863,4
2014,2014-10-09,2030,10,3,20,4,N,A,Y,A,H,C,A,07,N,03,B,,,,,C,Y,N,D,2,0,0,0,22350.0,3,39.16554509,-121.63510796,2
2014,2014-10-16,1710,10,3,17,4,Y,A,N,A,H,A,A,01,,12,D,,,,,C,Y,F,A,1,0,0,0,22450.0,2,39.12680999,-121.61619987,4
2014,2014-10-28,1118,10,3,11,2,N,A,N,A,H,A,A,01,W,03,C,,,,,C,Y,N,D,2,0,0,0,22350.0,2,39.13818115,-121.61660119,4
2014,2014-10-23,1528,10,3,15,4,Y,A,N,A,H,A,A,01,,09,D,,,,,C,Y,N,A,1,0,0,0,21801.0,2,39.12723994,-121.65035997,4
2014,2014-10-27,2142,10,3,21,1,Y,A,N,A,H,D,A,01,,09,D,,,,,C,Y,N,A,2,0,0,0,21802.0,2,39.12717989,-121.66015985,4
2014,2014-10-15,1342,10,3,13,3,Y,A,N,A,-,A,L,04,,05,D,,Y,,,G,N,N,A,1,0,1,0,21650.0,2,39.13802988,-121.6300999,4
2014,2014-10-15,1941,10,3,19,3,N,A,N,A,H,C,A,01,S,08,B,Y,,,,B,N,N,D,1,1,0,0,22107.0,2,39.13123216,-121.64060898,4
2014,2014-10-31,1540,10,3,15,5,N,C,N,B,H,A,A,01,N,03,C,,,,,C,N,N,D,1,0,0,0,22350.0,2,39.13505565,-121.64391,4
2014,2014-10-08,1637,10,3,16,3,Y,A,N,A,H,A,A,08,,12,D,,,,,C,Y,N,A,1,0,0,0,22450.0,3,39.15454999,-121.66710987,4
2014,2014-09-29,1021,9,3,10,1,Y,A,Y,A,H,A,A,07,,09,D,,,,,C,Y,N,D,1,0,0,0,21801.0,2,39.28428326,-121.66185247,3
2014,2014-09-24,1038,9,3,10,3,Y,A,N,A,H,A,A,07,,09,D,,,,,C,N,N,D,1,0,0,0,21802.0,2,39.27198992,-121.65812999,4
2014,2014-09-25,1540,9,3,15,4,Y,A,N,A,H,A,C,02,,12,E,,,Y,,I,Y,N,A,1,0,0,1,22450.0,1,39.11999999,-121.6490299,2
2014,2014-09-17,744,9,3,7,3,Y,A,N,A,H,A,A,01,,10,G,Y,,,,B,N,N,D,1,1,0,0,21950.0,2,39.27405995,-121.66618993,2
2014,2014-10-13,1525,10,3,15,1,N,A,Y,A,H,A,A,01,W,01,C,,,,,C,Y,N,A,4,0,0,0,23152.0,3,39.14175505,-121.63945863,4
2014,2014-10-11,2225,10,3,22,6,Y,A,Y,A,H,C,A,01,,06,C,,,,,C,Y,F,D,1,0,0,0,21750.0,2,39.14335651,-121.60930865,4
2014,2014-10-17,1527,10,3,15,5,N,A,N,A,H,A,A,07,N,04,C,,,,,C,N,N,D,1,0,0,0,21703.0,2,39.1128772,-121.61748704,4
2014,2014-10-19,1919,10,3,19,7,N,A,Y,A,H,C,A,01,W,03,C,,,,,C,Y,N,A,1,0,0,0,22350.0,2,39.14133984,-121.67189241,4
2014,2014-10-28,737,10,3,7,2,N,A,Y,A,H,A,A,01,N,09,D,,,,,C,Y,N,A,5,0,0,0,21801.0,2,39.14139407,-121.66248876,3
2014,2014-11-08,2140,11,3,21,6,Y,A,N,A,H,C,A,01,,09,D,,,,,C,N,N,D,1,0,0,0,21800.0,2,39.11263,-121.62274987,4
2014,2014-11-09,1400,11,3,14,7,Y,A,N,A,H,A,A,01,,03,C,,,,,C,Y,N,D,1,0,0,0,22350.0,2,39.15043995,-121.61519994,4
2014,2014-11-16,207,11,3,2,7,N,A,N,A,H,C,A,07,W,01,F,,,,,I,Y,N,D,2,0,0,0,23152.0,1,39.09853918,-121.62422969,3
2014,2014-10-29,753,10,3,7,3,N,A,N,A,H,A,A,01,E,03,C,,,,,C,Y,N,A,1,0,0,0,22350.0,2,39.15208232,-121.65826034,4
2014,2014-11-10,1617,11,3,16,1,N,A,N,A,H,A,D,22,E,09,D,,Y,,,G,N,N,D,1,0,1,0,21801.0,2,39.15367541,-121.66392321,3
2014,2014-11-12,811,11,3,8,3,Y,A,N,A,H,A,A,01,,08,D,,,,,J,N,N,D,1,0,0,0,22100.0,2,39.12722998,-121.65142998,4
2014,2014-11-02,1115,11,3,11,7,N,A,Y,A,H,A,D,22,N,03,C,,,,,C,Y,N,D,1,0,0,0,22350.0,3,39.11527806,-121.63463045,4
2014,2014-11-11,1254,11,3,12,2,N,B,N,A,H,A,-,,W,03,C,,,,,C,N,N,D,1,0,0,0,22350.0,2,39.13358022,-121.62042872,4
2014,2014-11-12,837,11,3,8,3,N,A,Y,A,H,A,A,01,W,21,C,,,,,C,N,N,A,1,0,0,0,22106.0,2,39.14151902,-121.6487065,4
2014,2014-11-02,2241,11,3,22,7,N,A,Y,A,H,C,A,01,N,08,E,,,,,I,Y,N,D,1,0,0,0,22107.0,1,39.1001174,-121.63442818,4
2014,2014-11-08,343,11,3,3,6,N,A,N,A,H,C,A,01,E,05,E,,,,,I,Y,N,D,1,0,0,0,21650.0,1,39.13346387,-121.6142407,3
2014,2014-11-10,1749,11,3,17,1,N,A,Y,A,H,C,A,01,N,03,C,,,,,C,Y,N,A,2,0,0,0,22350.0,2,39.11482778,-121.63475955,4
2014,2014-11-16,947,11,3,9,7,N,A,N,A,H,A,A,01,E,05,B,,,,,C,N,N,A,1,0,0,0,21460.0,2,39.13354284,-121.61400795,4
2014,2014-10-14,1215,10,3,12,2,N,A,Y,A,H,A,A,01,E,09,D,,,Y,,C,N,N,D,1,0,0,1,21804.0,2,39.11274788,-121.63462346,4
2014,2014-10-30,1137,10,3,11,4,Y,A,N,A,H,A,A,01,,09,D,,Y,,,G,N,N,A,1,0,1,0,21802.0,2,39.13811998,-121.60759998,4
2014,2014-10-26,2014,10,3,20,7,N,A,N,A,H,D,N,60,E,11,B,Y,,,,B,N,N,D,1,1,0,0,21956.0,2,39.16747613,-121.73435266,3
2014,2014-10-19,2118,10,3,21,7,N,A,N,A,H,C,A,01,E,08,E,,,,,J,Y,N,D,1,0,0,0,22107.0,1,39.14352256,-121.64325471,4
2014,2014-10-31,1555,10,3,15,5,N,C,Y,B,H,A,A,01,S,03,C,,,,,C,Y,N,A,2,0,0,0,22350.0,3,39.11075395,-121.63458587,4
2014,2014-10-31,300,10,3,3,5,N,B,N,A,H,D,A,01,W,03,E,,,,,J,Y,N,D,1,0,0,0,22350.0,1,39.18404919,-121.76559296,3
2014,2014-10-30,2045,10,3,20,4,N,A,N,A,H,D,A,01,N,03,C,,,,,C,N,N,A,1,0,0,0,22350.0,2,39.15470171,-121.66237258,4
2014,2014-10-29,1825,10,3,18,3,N,A,N,A,H,C,A,01,W,03,C,,,,,C,N,N,D,1,0,0,0,22350.0,3,39.09831,-121.63200621,4
2013,2013-05-02,818,5,1,8,4,Y,A,Y,A,D,A,A,01,,09,D,,,Y,,C,Y,N,A,0,0,0,0,21453.0,2,38.7498044,-121.5406547,1
2013,2013-08-18,1000,8,2,10,7,N,A,N,A,H,A,A,01,E,01,A,,,,,C,Y,N,D,2,0,0,0,23152.0,2,38.7510187,-121.5055816,1
2014,2014-05-28,721,5,1,7,3,N,A,N,A,D,A,D,22,E,09,D,,,Y,,C,Y,N,D,0,0,0,0,21801.0,2,38.7505,-121.5404,1
2017,2017-10-09,1905,10,3,19,1,Y,A,N,A,H,C,N,60,,11,G,Y,,,,B,Y,N,A,0,0,0,0,21954.0,2,39.1272799,-121.64591996,1
2014,2014-11-02,1935,11,3,19,7,N,A,Y,A,H,C,A,07,N,03,C,,,,,C,Y,N,D,1,0,0,0,22350.0,3,38.94085121,-121.60671205,4
2014,2014-11-04,710,11,3,7,2,N,A,N,A,H,A,A,08,N,08,F,,,,,I,Y,N,D,1,0,0,0,22107.0,1,38.81348981,-121.48364257,3
2014,2014-11-24,917,11,3,9,1,N,A,Y,A,H,A,A,01,S,03,C,,,,,C,Y,N,A,2,0,0,0,22350.0,3,39.12164614,-121.63454212,3
2014,2014-11-24,1717,11,3,17,1,N,A,N,A,H,C,-,,E,03,C,,,,,C,N,N,D,1,0,0,0,22350.0,2,39.13654594,-121.61196739,4
2014,2014-11-20,1720,11,3,17,4,N,B,N,B,H,D,N,60,E,11,G,Y,,,,B,N,N,D,1,1,0,0,21954.0,2,39.12731,-121.63848486,2
2014,2014-11-23,1825,11,3,18,7,N,A,N,A,H,C,A,08,S,09,D,,Y,,,G,N,N,D,1,0,1,0,21804.0,2,39.1540222,-121.62048127,4
2014,2014-11-19,1802,11,3,18,3,Y,C,N,B,H,C,A,01,,09,D,,,,,C,Y,N,A,2,0,0,0,21802.0,2,39.12808991,-121.62107994,4
2014,2014-11-07,2018,11,3,20,5,Y,A,N,A,H,C,A,01,,03,D,,,,,C,,N,A,1,0,0,0,22350.0,2,39.14535261,-121.63284659,4
2014,2014-11-17,1616,11,3,16,1,N,A,N,A,H,A,-,- ,W,00,D,,Y,,,G,N,N,A,1,0,1,0,,2,39.15180106,-121.62611816,4
2014,2014-11-17,523,11,3,5,1,Y,A,Y,A,H,B,A,01,,12,D,,,,,C,Y,N,A,4,0,0,0,21453.0,2,39.1415587,-121.65615488,4
2014,2014-11-21,1116,11,3,11,5,Y,B,N,A,H,A,A,01,,09,A,,,,,C,Y,N,A,1,0,0,0,21801.0,2,39.09373991,-121.61665997,3
2014,2014-11-24,1525,11,3,15,1,N,A,N,A,H,A,A,01,S,08,E,,,,,I,Y,N,D,1,0,0,0,22107.0,1,38.93117998,-121.48768,4
2014,2014-12-02,1620,12,4,16,2,N,B,N,B,H,A,A,01,W,21,C,,,,,C,N,N,A,1,0,0,0,22106.0,2,39.14807161,-121.64411943,4
2014,2014-12-02,1056,12,4,10,2,N,B,N,B,H,A,A,01,S,03,C,,,,,C,Y,N,A,1,0,0,0,22350.0,2,39.14388389,-121.63022,4
2014,2014-11-10,1636,11,3,16,1,N,A,N,A,H,A,A,01,W,03,C,,,,,C,N,N,D,4,0,0,0,22350.0,3,39.13222542,-121.62551252,3
2014,2014-11-14,1744,11,3,17,5,Y,A,N,A,H,B,A,01,,03,C,,,,,C,N,N,D,5,0,0,0,22350.0,2,39.13113998,-121.62116988,4
2014,2014-12-02,1449,12,4,14,2,N,B,N,B,H,A,A,01,N,03,E,,,,,I,Y,N,D,1,0,0,0,22350.0,1,39.14812865,-121.68143,3
2014,2014-12-24,1426,12,4,14,3,Y,A,Y,A,H,A,A,08,,- ,C,,,,,C,,N,A,1,0,0,0,,2,39.13587769,-121.63468619,4
2014,2014-11-09,1854,11,3,18,7,N,A,Y,A,H,C,A,08,S,03,C,,,,,C,N,N,D,1,0,0,0,22350.0,2,39.26991732,-121.65953541,4
2015,2015-04-09,1450,4,1,14,4,N,A,N,A,H,A,A,01,S,08,E,,,,,I,Y,N,D,1,0,0,0,22107.0,1,38.90324016,-121.48782576,4
2014,2014-12-05,630,12,4,6,5,Y,B,Y,B,H,C,D,22,,03,C,,,,,C,N,N,A,1,0,0,0,22350.0,2,39.22124312,-121.64153227,4
2014,2014-12-05,1808,12,4,18,5,N,B,Y,B,H,C,A,01,S,03,C,,,,,C,Y,N,B,1,0,0,0,22350.0,2,39.12031647,-121.63468317,4
2014,2014-12-04,1200,12,4,12,4,N,B,N,A,H,A,A,01,W,06,C,,,,,C,Y,N,D,1,0,0,0,21750.0,2,39.12729891,-121.7169815,3
2014,2014-12-03,2345,12,4,23,3,N,A,N,B,H,D,A,07,S,01,E,,,,,I,Y,N,D,1,0,0,0,23152.0,1,39.22765134,-121.71532463,4
2014,2014-12-23,752,12,4,7,2,N,E,Y,B,H,A,G,27,N,09,C,,,,Y,C,Y,N,A,2,0,0,0,21802.0,2,39.07080726,-121.63340226,4
2014,2014-12-17,30,12,4,0,3,N,B,N,B,H,D,D,22,N,08,E,,,,,I,Y,N,D,1,0,0,0,22107.0,1,39.0070315,-121.67186025,3
2014,2014-12-12,1740,12,4,17,5,N,A,Y,B,H,C,A,01,N,03,C,,,,,C,N,N,A,1,0,0,0,22350.0,2,39.09858814,-121.63455915,4
2014,2014-12-24,1953,12,4,19,3,N,A,N,A,H,D,A,07,N,08,E,,,,,I,Y,N,D,2,0,0,0,22107.0,1,38.98986005,-121.48764,3
2014,2014-12-17,1044,12,4,10,3,N,B,Y,B,H,A,A,01,S,07,C,,,,,C,Y,N,A,2,0,0,0,21658.0,3,39.112605,-121.63462043,4
2014,2014-12-05,1521,12,4,15,5,N,B,N,B,H,A,A,07,E,03,C,,,,,C,N,N,D,2,0,0,0,22350.0,3,39.12744557,-121.62376273,4
2014,2014-11-22,615,11,3,6,6,N,C,N,B,H,B,-,- ,E,00,A,,,,,I,,F,D,1,0,0,0,,1,39.13513,-121.61602,3
2014,2014-12-11,1730,12,4,17,4,Y,C,N,B,H,C,A,07,,12,D,,,,,C,Y,N,A,2,0,0,0,21453.0,2,39.14397992,-121.63021993,3
2014,2014-12-28,1027,12,4,10,7,Y,A,Y,A,H,A,D,22,,17,D,,,,,C,Y,N,A,2,0,0,0,21451.0,2,39.14168293,-121.63030126,4