ACCIDENT_YEAR,COLLISION_DATE,COLLISION_TIME,MONTH,SEASON,24HOURS,DAY_OF_WEEK,INTERSECTION,WEATHER_1,STATE_HWY_IND,ROAD_SURFACE,ROAD_COND_1,LIGHTING,STWD_VEHTYPE_AT_FAULT,CHP_VEHTYPE_AT_FAULT,DIRECTION,PCF_VIOL_CATEGORY,TYPE_OF_COLLISION,PEDESTRIAN_ACCIDENT,BICYCLE_ACCIDENT,MOTORCYCLE_ACCIDENT,TRUCK_ACCIDENT,MVIW,TOW_AWAY,HIT_AND_RUN,CONTROL_DEVICE,NUMBER_INJURED,COUNT_PED_INJURED,COUNT_BICYCLIST_INJURED,COUNT_MC_INJURED,PCF_VIOLATION,PARTY_COUNT,POINT_Y,POINT_X,COLLISION_SEVERITY
2016,2016-02-19,937,2,4,9,5,N,A,N,A,H,A,A,01,N,03,C,,,,,C,N,N,A,1,0,0,0,22350.0,2,39.13231745,-121.62991119,4
2016,2016-02-18,1759,2,4,17,4,Y,A,N,A,H,A,-,,,10,G,Y,,,,B,N,F,A,1,1,0,0,21950.0,2,39.13794999,-121.65552,4
2016,2016-02-17,819,2,4,8,3,Y,B,N,A,H,A,A,01,,12,A,,,,,C,Y,N,A,2,0,0,0,21453.0,2,39.14929995,-121.64832996,3
2017,2017-03-12,1150,3,1,11,7,N,A,N,A,H,A,A,07,S,08,D,,,Y,,C,Y,N,D,1,0,0,0,22102.0,2,39.1403744,-121.64391,1
2016,2016-02-10,1851,2,4,18,3,N,A,N,A,H,C,A,01,E,08,A,,,,,C,Y,N,D,1,0,0,0,22107.0,2,39.12726778,-121.64748694,4
2016,2016-02-12,1536,2,4,15,5,N,A,N,A,H,A,-,,E,09,A,,,,,C,Y,M,D,1,0,0,0,21801.0,2,39.13802864,-121.6075429,4
2016,2016-02-26,1634,2,4,16,5,N,A,N,A,H,A,A,01,N,09,D,,,,,C,Y,N,D,1,0,0,0,21801.0,2,39.13336038,-121.62995631,4
2016,2016-02-23,817,2,4,8,2,Y,A,N,A,H,A,A,01,,12,A,,,,,C,Y,N,A,2,0,0,0,21453.0,3,39.1127399,-121.61747988,3
2016,2016-02-25,529,2,4,5,4,N,A,N,A,H,C,A,01,E,05,A,,,,,E,N,N,D,1,0,0,0,21650.0,2,39.13558977,-121.62200707,4
2016,2016-03-01,1649,3,1,16,2,Y,B,N,A,H,A,A,01,,01,D,,,,,C,Y,N,A,1,0,0,0,23152.0,2,39.14802991,-121.64396988,4
2016,2016-01-12,1733,1,4,17,2,N,A,N,A,H,C,-,- ,W,00,G,Y,,,,B,Y,N,D,1,1,0,0,,2,39.13803,-121.6301,2
2016,2016-02-21,118,2,4,1,7,N,A,N,A,H,C,A,01,N,01,C,,,,,C,Y,N,D,1,0,0,0,23152.0,3,39.14495827,-121.62599,4
2016,2016-03-03,1236,3,1,12,4,N,B,N,B,H,A,A,01,E,03,C,,,,,C,Y,N,D,1,0,0,0,22350.0,3,39.13791557,-121.60820872,4
2016,2016-02-29,1056,2,4,10,1,Y,A,N,A,H,A,-,,,12,D,,,,,C,Y,N,A,2,0,0,0,21453.0,2,39.14397992,-121.63021993,3
2016,2016-02-21,1830,2,4,18,7,Y,A,N,A,H,C,A,01,,12,D,,,,,C,Y,N,A,1,0,0,0,21453.0,2,39.14399993,-121.65545987,4
2016,2016-02-26,947,2,4,9,5,N,A,Y,A,H,A,A,01,N,01,C,,,,Y,C,N,N,D,1,0,0,0,23152.0,2,39.14275044,-121.63468977,4
2016,2016-02-29,1508,2,4,15,1,N,B,N,A,H,A,L,04,S,06,C,,Y,,,G,N,N,A,1,0,1,0,21755.0,2,39.13630483,-121.61571227,4
2016,2016-02-11,1723,2,4,17,4,N,A,N,A,H,A,A,01,S,12,D,,Y,,,G,N,N,D,1,0,1,0,22450.0,2,39.12456329,-121.61441601,3
2016,2016-02-29,1236,2,4,12,1,N,A,N,A,H,A,A,01,E,08,D,,,,,C,Y,N,D,2,0,0,0,22103.0,2,39.12744557,-121.62376273,4
2016,2016-02-28,1256,2,4,12,7,Y,A,N,A,H,A,A,01,,10,D,Y,,,,B,N,N,D,1,1,0,0,21950.0,2,39.13941993,-121.62553998,4
2016,2016-03-08,1213,3,1,12,2,Y,B,N,A,H,A,A,01,,09,D,,,,,C,Y,N,A,1,0,0,0,21802.0,2,39.17087998,-121.63317992,3
2016,2016-03-07,947,3,1,9,1,Y,B,Y,B,H,A,A,01,,12,D,,,,,C,Y,N,A,2,0,0,0,21453.0,2,39.14083197,-121.61746393,4
2016,2016-03-03,1202,3,1,12,4,N,B,N,B,H,A,A,01,E,03,C,,,,,C,Y,N,D,2,0,0,0,22350.0,4,39.13766246,-121.60888642,4
2016,2016-03-07,1555,3,1,15,1,Y,A,N,A,H,A,L,04,,09,D,,Y,,,G,N,F,D,1,0,1,0,21802.0,2,39.13811998,-121.60759998,4
2016,2016-03-01,1630,3,1,16,2,Y,B,N,A,H,A,L,04,,09,D,,Y,,,G,Y,N,A,1,0,1,0,21804.0,2,39.12990993,-121.62503992,2
2016,2016-03-10,1556,3,1,15,4,N,B,Y,B,H,A,A,01,W,09,D,,,,,C,Y,N,D,1,0,0,0,21804.0,2,39.14173272,-121.64577947,4
2016,2016-03-14,1544,3,1,15,1,N,A,Y,A,H,A,A,01,N,09,D,,,,,C,N,N,D,1,0,0,0,21801.0,2,39.14162488,-121.62789674,3
2016,2016-03-11,1836,3,1,18,5,Y,C,N,B,H,C,A,01,,03,D,,,,,C,Y,M,D,1,0,0,0,22350.0,2,39.14174989,-121.62782987,4
2016,2016-03-15,1406,3,1,14,2,N,A,Y,A,H,A,A,07,N,21,D,,,,,C,Y,N,A,1,0,0,0,22106.0,2,39.14189058,-121.63197525,4
2016,2016-03-03,1202,3,1,12,4,Y,B,N,B,H,A,A,01,,03,C,,,,,C,Y,N,D,2,0,0,0,22350.0,3,39.13786996,-121.60832989,3
2016,2016-02-16,1512,2,4,15,2,Y,A,N,A,H,A,A,07,,08,D,,Y,,,G,N,N,D,1,0,1,0,21717.0,2,39.13228989,-121.64839994,4
2016,2016-03-24,1309,3,1,13,4,Y,A,N,A,H,A,A,01,,08,F,,,,,C,Y,N,D,3,0,0,0,22107.0,2,39.12730994,-121.6396599,4
2016,2016-03-26,2242,3,1,22,6,Y,A,N,A,H,C,A,01,,03,C,,,,,C,,N,D,1,0,0,0,22350.0,2,39.12341,-121.62476988,4
2016,2016-03-28,1951,3,1,19,1,N,B,N,A,H,C,A,01,N,03,C,,,,,C,N,N,A,1,0,0,0,22350.0,2,39.1324684,-121.62991772,4
2016,2016-03-20,1517,3,1,15,7,N,B,Y,B,H,A,A,01,S,03,C,,,,,C,Y,N,A,1,0,0,0,22350.0,2,39.13057354,-121.63442809,4
2016,2016-03-22,746,3,1,7,2,Y,B,N,A,H,A,A,01,,03,C,,,,,C,Y,N,A,1,0,0,0,22350.0,3,39.12729993,-121.64388999,4
2016,2016-03-21,1554,3,1,15,1,N,C,N,B,H,A,A,01,S,08,D,,,,,C,Y,N,A,1,0,0,0,22107.0,2,39.13584787,-121.60623658,4
2016,2016-03-21,1448,3,1,14,1,N,C,N,B,H,A,A,01,N,03,C,,,,,C,Y,N,D,1,0,0,0,22350.0,2,39.12774518,-121.67189102,4
2016,2016-03-11,1312,3,1,13,5,N,B,Y,B,H,A,A,01,E,03,C,,,,,C,N,N,D,1,0,0,0,22350.0,2,39.14155352,-121.62513481,4
2016,2016-03-03,1202,3,1,12,4,N,B,N,D,H,A,A,01,W,03,D,,,,,C,Y,N,D,2,0,0,0,22350.0,2,39.14216986,-121.61331117,3
2016,2016-03-23,1239,3,1,12,3,Y,A,N,A,H,A,A,01,,09,D,,,,,C,N,N,D,1,0,0,0,21801.0,3,39.13232998,-121.63100993,4
2016,2016-03-24,1126,3,1,11,4,N,A,N,A,H,A,A,01,N,03,C,,,,,C,N,N,D,1,0,0,0,22350.0,2,39.10087198,-121.61584043,4
2016,2016-03-21,1639,3,1,16,1,N,B,N,B,H,A,D,22,E,08,D,,,,,C,Y,N,D,1,0,0,0,22107.0,2,39.13235,-121.64363318,4
2016,2016-03-14,1703,3,1,17,1,Y,A,N,A,H,A,L,04,,09,D,,Y,,,G,N,N,D,1,0,1,0,21802.0,2,39.12680999,-121.61619987,3
2016,2016-04-09,1907,4,1,19,6,Y,B,N,A,H,B,-,,,01,D,,,,,C,Y,N,A,1,0,0,0,23153.0,2,39.27605993,-121.66369992,3
2016,2016-04-15,349,4,1,3,5,Y,A,N,A,-,C,A,01,,01,A,,,,,I,Y,M,C,1,0,0,0,23152.0,1,39.10735995,-121.64752991,3
2016,2016-04-04,1717,4,1,17,1,Y,A,Y,A,H,A,E,22,,03,C,,,,,C,N,N,A,1,0,0,0,22350.0,2,39.27595263,-121.66122523,4
2016,2016-02-06,1202,2,4,12,6,Y,A,N,A,H,A,-,,,21,C,,,,,C,N,N,D,1,0,0,0,22106.0,2,39.1007599,-121.65240993,4
2016,2016-01-24,2041,1,4,20,7,Y,A,N,A,H,C,A,01,,03,C,,,,,C,Y,N,D,3,0,0,0,22350.0,2,39.11270995,-121.65184,4
2016,2016-01-19,744,1,4,7,2,Y,B,Y,B,H,A,A,01,,03,C,,,,,C,Y,N,A,1,0,0,0,22350.0,5,39.27323794,-121.66057373,4
2016,2016-04-01,1623,4,1,16,5,Y,A,Y,A,H,A,A,01,,09,D,,,,,C,Y,N,D,1,0,0,0,21804.0,2,39.14184802,-121.63799363,3
2016,2016-03-28,1320,3,1,13,1,Y,A,N,A,H,A,A,01,,09,D,,,,,C,Y,M,A,1,0,0,0,21801.0,2,39.15007995,-121.65099993,3
2016,2016-03-29,2228,3,1,22,2,N,A,N,A,H,C,A,01,E,08,G,Y,,,,B,N,F,D,1,1,0,0,22107.0,2,39.1273,-121.63330143,3
2016,2016-03-30,831,3,1,8,3,N,A,N,A,H,A,A,01,S,12,D,,,,,C,Y,N,A,2,0,0,0,22450.0,2,39.11268,-121.62729,3
2016,2016-03-27,1924,3,1,19,7,Y,A,N,A,H,A,A,01,,12,G,Y,,,,B,N,F,A,1,1,0,0,21453.0,2,39.13221994,-121.62515989,3
2016,2016-04-01,1858,4,1,18,5,Y,A,N,A,H,A,A,08,,10,G,Y,,,,B,N,N,D,2,2,0,0,21950.0,3,39.14907,-121.63017998,4
2016,2016-04-01,1836,4,1,18,5,Y,A,N,A,H,A,A,01,,03,C,,,,,C,N,N,A,2,0,0,0,22350.0,2,39.1127399,-121.61747988,4
2016,2016-04-01,1623,4,1,16,5,N,A,N,A,H,A,A,01,E,03,A,,,,,I,Y,N,D,1,0,0,0,22350.0,1,39.14357682,-121.61065909,4
2016,2016-04-13,1101,4,1,11,3,N,A,N,A,H,A,-,,W,03,C,,,,,C,Y,N,D,1,0,0,0,22350.0,2,39.13236205,-121.63721186,3
2016,2016-04-12,1518,4,1,15,2,N,A,Y,A,H,A,I,11,E,03,C,,,,,C,Y,N,D,5,0,0,0,22350.0,5,39.14176012,-121.63908781,4
2016,2016-04-11,1540,4,1,15,1,Y,A,N,A,H,A,-,,,09,D,,,,,C,Y,N,A,1,0,0,0,21802.0,2,39.15251994,-121.61832998,3
2016,2016-04-01,922,4,1,9,5,Y,A,Y,A,H,A,D,22,,12,D,,,,,C,Y,N,A,1,0,0,0,21453.0,2,39.1412931,-121.62094486,4
2016,2016-04-02,1856,4,1,18,6,N,A,N,A,H,A,A,01,N,03,C,,,,,C,Y,N,D,2,0,0,0,22350.0,2,39.12344295,-121.62477,4
2016,2016-04-13,1528,4,1,15,3,Y,A,Y,A,H,A,A,07,,09,D,,,,,C,Y,N,A,1,0,0,0,21453.0,2,39.14146722,-121.67175156,4
2016,2016-04-14,1544,4,1,15,4,N,A,N,A,H,A,-,,N,03,C,,,,,C,Y,N,D,3,0,0,0,22350.0,3,39.13091424,-121.60574857,4
2016,2016-04-13,1504,4,1,15,3,Y,A,N,A,H,A,-,,,09,D,,,,,C,Y,N,A,3,0,0,0,21802.0,2,39.13426993,-121.62526991,3
2016,2016-04-12,1121,4,1,11,2,Y,A,N,A,H,A,A,08,,08,D,,,,,C,Y,N,D,1,0,0,0,22107.0,2,39.13238988,-121.63548993,4
2016,2016-04-08,1457,4,1,14,5,N,A,N,A,H,A,-,,N,09,B,,,,,C,N,N,D,1,0,0,0,21801.0,3,39.14608303,-121.64396,3
2016,2016-04-06,1952,4,1,19,3,N,A,N,A,H,A,A,01,W,01,C,,,,,C,Y,M,D,1,0,0,0,23152.0,2,39.14582271,-121.61791887,3
2016,2016-04-21,1438,4,1,14,4,N,A,N,A,H,A,-,,W,09,D,,,,,C,Y,N,D,2,0,0,0,21802.0,2,39.14807624,-121.64413604,3
2016,2016-04-21,819,4,1,8,4,N,A,N,A,H,A,-,,S,08,G,Y,,,,B,N,N,D,1,1,0,0,22107.0,2,39.15983508,-121.65106898,4
2016,2016-04-22,1826,4,1,18,5,Y,A,N,A,H,A,-,,,03,C,,,,,C,N,N,D,1,0,0,0,22350.0,2,39.14519997,-121.91148995,4
2016,2016-05-10,1200,5,1,12,2,N,A,Y,A,H,A,A,01,N,08,D,,,,,C,Y,N,A,5,0,0,0,22107.0,5,39.1415598,-121.65559889,3
2016,2016-05-08,1953,5,1,19,7,N,A,N,A,H,A,D,22,S,01,A,,Y,,,G,Y,N,D,2,0,1,0,23152.0,2,39.13045708,-121.60307096,2
2016,2016-04-24,1437,4,1,14,7,N,A,N,A,H,A,L,04,S,17,D,,Y,,Y,G,Y,N,D,1,0,1,0,21208.0,2,39.09916033,-121.61553344,4
2016,2016-05-05,1006,5,1,10,4,N,B,N,A,H,A,D,22,S,03,C,,,,,C,Y,N,A,2,0,0,0,22350.0,2,39.13972882,-121.63015858,4
2016,2016-05-07,1333,5,1,13,6,Y,B,N,A,H,A,A,07,,12,D,,,,,C,N,N,A,2,0,0,0,21453.0,2,39.1359599,-121.61366997,3
2016,2016-05-12,1441,5,1,14,4,N,A,N,A,H,A,A,01,S,03,C,,,,,C,Y,N,D,2,0,0,0,22350.0,2,39.15263332,-121.63006,4
2016,2016-05-13,1437,5,1,14,5,Y,A,N,A,H,A,A,01,,09,D,,Y,,,G,N,N,A,1,0,1,0,21802.0,2,39.13238996,-121.63348994,3
2016,2016-05-03,1536,5,1,15,2,N,A,Y,A,H,A,A,01,N,01,D,,,,,C,N,N,A,1,0,0,0,23153.0,2,39.14166003,-121.64400848,4
2016,2016-05-16,2342,5,1,23,1,Y,A,Y,A,H,C,N,60,,11,G,Y,,,,B,N,N,A,1,1,0,0,21950.0,2,39.13240733,-121.6345745,3
2016,2016-05-02,1623,5,1,16,1,N,A,N,A,H,A,L,04,S,05,A,,Y,,,G,Y,N,D,1,0,1,0,21650.0,2,39.12337625,-121.61364298,3
2016,2016-05-04,1238,5,1,12,3,N,A,Y,-,H,A,A,01,N,12,D,,,,,C,N,N,A,1,0,0,0,21453.0,4,39.14189058,-121.63197525,4
2016,2016-04-17,1909,4,1,19,7,Y,A,N,A,H,A,N,60,,11,H,Y,,,,J,N,N,D,1,1,0,0,21954.0,2,39.12182998,-121.61762999,4
2016,2016-04-08,1354,4,1,13,5,N,A,Y,A,H,A,D,22,E,03,C,,,,,C,N,N,D,1,0,0,0,22350.0,2,39.14191113,-121.63401347,4
2016,2016-04-17,1542,4,1,15,7,N,A,Y,A,H,A,D,22,W,01,B,,,,,C,N,N,D,2,0,0,0,23152.0,2,39.14175505,-121.63945863,4
2016,2016-03-25,2324,3,1,23,5,Y,A,N,A,H,C,-,- ,,00,D,,,,,C,Y,N,A,1,0,0,0,,2,39.13228991,-121.62990987,4
2016,2016-04-15,1715,4,1,17,5,Y,A,Y,A,H,B,-,- ,,12,D,,,,,C,Y,N,A,1,0,0,0,21453.0,2,39.1324098,-121.63445108,4
2016,2016-04-28,24,4,1,0,4,Y,A,N,A,H,B,A,01,,12,D,,,,,C,Y,N,A,9,0,0,0,21453.0,2,39.12729993,-121.64388999,3
2016,2016-05-20,1409,5,1,14,5,Y,A,Y,A,H,A,A,01,,12,D,,,,,C,Y,N,A,1,0,0,0,21453.0,3,39.14189058,-121.63197525,4
2016,2016-05-11,1844,5,1,18,3,Y,A,Y,A,H,A,-,- ,,03,C,,,,,C,N,N,A,3,0,0,0,22350.0,3,39.14143415,-121.65555032,3
2016,2016-05-13,1500,5,1,15,5,N,A,Y,A,H,A,D,22,W,03,C,,,,,C,N,N,A,1,0,0,0,22350.0,3,39.14175505,-121.63945863,4
2016,2016-05-08,1508,5,1,15,7,Y,A,N,A,H,A,-,- ,,03,E,,,,,I,Y,N,D,1,0,0,0,22350.0,1,39.1485399,-121.62071996,3
2016,2016-05-22,1434,5,1,14,7,Y,A,N,A,H,A,-,- ,,12,A,,,,,C,Y,N,A,2,0,0,0,21453.0,2,39.13234991,-121.64387993,4
2016,2016-05-01,1345,5,1,13,7,N,A,Y,A,H,A,-,,N,16,E,,,,,J,Y,F,A,2,0,0,0,24002.0,2,39.12817544,-121.63446256,3
2016,2016-05-24,1612,5,1,16,2,N,A,N,A,H,A,C,02,W,21,A,,,Y,,C,N,N,D,1,0,0,1,22106.0,2,39.11263995,-121.62501996,2
2016,2016-05-26,621,5,1,6,4,Y,A,N,A,H,A,A,01,,05,E,,,,,I,Y,N,A,1,0,0,0,21650.0,1,39.12346994,-121.61076998,3
2016,2016-05-14,1623,5,1,16,6,N,A,N,A,H,A,A,01,S,08,B,,,,,C,N,M,D,2,0,0,0,22107.0,2,39.15322809,-121.62058759,4
2016,2016-05-25,733,5,1,7,3,Y,A,N,A,H,A,A,01,,12,D,,,,,C,Y,N,A,2,0,0,0,21453.0,2,39.10078992,-121.61582999,4
2016,2016-06-02,1351,6,2,13,4,Y,A,N,A,H,A,A,01,,09,D,,,,,C,Y,N,A,1,0,0,0,21802.0,2,39.13772995,-121.62127999,3
2016,2016-06-02,757,6,2,7,4,N,A,N,A,H,A,A,01,W,08,B,,,,,E,Y,N,D,1,0,0,0,22107.0,2,39.16391725,-121.64501801,3
2016,2016-06-01,1052,6,2,10,3,N,A,N,A,H,A,-,- ,W,18,E,,,,,I,Y,N,D,2,0,0,0,,1,39.15150767,-121.65614984,3
2016,2016-06-04,756,6,2,7,6,N,A,N,A,H,A,A,01,E,03,C,,,,,C,Y,N,A,2,0,0,0,22350.0,3,39.12725,-121.62951795,4
2016,2016-06-03,1144,6,2,11,5,Y,A,N,A,H,A,A,01,,09,D,,,,,C,Y,N,D,1,0,0,0,21802.0,2,39.15975,-121.63014,3
2016,2016-06-21,2131,6,2,21,2,N,A,Y,A,H,C,A,01,S,03,C,,,,,C,Y,N,A,1,0,0,0,22350.0,2,39.13555469,-121.6345075,4
2016,2016-06-07,552,6,2,5,2,N,A,N,A,H,A,A,01,E,08,C,,,,,E,Y,M,D,1,0,0,0,22107.0,2,39.15852947,-121.6330671,3
2016,2016-06-13,914,6,2,9,1,Y,A,N,A,H,A,A,01,,12,B,,,,,C,Y,N,A,1,0,0,0,21453.0,3,39.14802991,-121.64396988,4
2016,2016-06-03,1215,6,2,12,5,N,A,N,A,H,A,A,07,S,03,C,,,,,C,N,N,A,1,0,0,0,22350.0,2,39.14433653,-121.64396686,4
2016,2016-06-01,1539,6,2,15,3,N,A,N,A,H,A,L,04,S,05,D,,Y,,,G,N,N,D,1,0,1,0,21650.0,2,39.14666595,-121.61454,3
2016,2016-06-11,1613,6,2,16,6,Y,A,Y,A,H,A,L,04,,09,D,,Y,,,G,N,N,D,1,0,1,0,21804.0,2,39.14162488,-121.62789674,3
2016,2016-06-06,812,6,2,8,1,N,A,Y,A,H,A,D,22,E,09,C,,,,,C,Y,N,A,2,0,0,0,21453.0,2,39.14167859,-121.6301165,4
2016,2016-06-10,1239,6,2,12,5,N,A,N,A,H,A,A,01,W,08,A,,,,,I,Y,N,D,1,0,0,0,22107.0,1,39.14165965,-121.66717526,3
2016,2016-06-14,108,6,2,1,2,N,A,N,A,H,C,A,01,S,01,A,,,,,C,Y,N,D,2,0,0,0,23153.0,2,39.12311715,-121.61112998,4
2016,2016-06-13,1035,6,2,10,1,Y,A,Y,A,H,A,A,01,,21,G,Y,,,,B,N,N,A,1,1,0,0,22106.0,2,39.14168293,-121.63030126,4
2016,2016-05-25,1314,5,1,13,3,N,A,N,A,H,A,A,01,S,09,D,,,,,C,Y,N,A,1,0,0,0,21802.0,2,39.13776,-121.62246,4
2016,2016-06-03,2121,6,2,21,5,Y,A,N,A,H,C,A,01,,07,C,,,,,E,N,N,D,1,0,0,0,21658.0,2,39.14397998,-121.6276299,3
2016,2016-06-22,1628,6,2,16,3,N,A,N,A,H,A,A,01,E,03,C,,,,,C,Y,N,D,2,0,0,0,22350.0,3,39.12712076,-121.66929186,4
2016,2016-05-27,940,5,1,9,5,Y,A,N,A,H,A,A,01,,09,D,,,,,C,N,N,A,1,0,0,0,21802.0,2,39.11920997,-121.61880992,3
2016,2016-05-27,1816,5,1,18,5,Y,A,N,A,H,A,C,02,,07,B,,,Y,,D,Y,N,D,1,0,0,0,21658.0,2,39.13202995,-121.61851998,3
2016,2016-05-31,2207,5,1,22,2,N,A,N,A,H,C,N,60,E,11,B,Y,,,,B,N,N,D,1,1,0,0,21956.0,2,39.13234557,-121.63197504,4
2016,2016-05-26,1146,5,1,11,4,Y,A,N,A,H,A,L,04,,12,D,,Y,,,G,N,M,D,1,0,1,0,22450.0,2,39.13615,-121.62349999,3
2016,2016-06-10,1551,6,2,15,5,N,A,N,A,H,A,A,01,S,08,D,,,,,C,Y,N,D,1,0,0,0,22107.0,2,39.14904487,-121.62068,4
2016,2016-07-05,1044,7,2,10,2,N,A,N,A,H,A,-,- ,S,00,B,,,,,C,N,M,D,1,0,0,0,,2,39.14927127,-121.61750536,4
2016,2016-07-03,1020,7,2,10,7,Y,A,N,A,H,A,A,01,,09,D,,,,,C,Y,N,D,1,0,0,0,21802.0,2,39.14907,-121.63017998,3
2016,2016-07-16,1029,7,2,10,6,N,A,N,A,H,A,A,01,E,08,B,,,,,C,Y,N,A,1,0,0,0,22107.0,2,39.14803,-121.64397,4
2016,2016-07-13,1659,7,2,16,3,Y,A,N,A,H,A,A,01,,08,D,,,,,C,N,N,D,1,0,0,0,22107.0,2,39.13094993,-121.62986991,4
2016,2016-06-30,854,6,2,8,4,Y,A,N,A,H,A,A,01,,12,D,,,,,C,Y,N,A,2,0,0,0,22450.0,2,39.12808991,-121.62107994,4
2016,2016-06-03,501,6,2,5,5,Y,A,N,A,-,B,A,01,,12,D,,,,,C,N,N,D,1,0,0,0,22450.0,2,39.13035994,-121.6113499,4
2016,2016-06-24,834,6,2,8,5,N,A,N,A,H,A,D,22,E,03,C,,,,,C,Y,N,D,1,0,0,0,22350.0,3,39.1518277,-121.6297955,3
2016,2016-06-29,1040,6,2,10,3,Y,A,Y,A,H,A,F,56,,12,D,,,,Y,C,Y,N,A,1,0,0,0,21453.0,2,39.12732981,-121.63447675,4
2016,2016-06-23,1520,6,2,15,4,Y,A,Y,A,H,A,A,01,,12,D,,,,,C,Y,N,A,1,0,0,0,21453.0,2,39.14191025,-121.63469887,4
2016,2016-06-19,1249,6,2,12,7,Y,A,Y,A,H,-,D,22,,12,D,,,,,C,Y,N,A,2,0,0,0,21453.0,2,39.1413401,-121.67170581,4
2016,2016-06-28,1500,6,2,15,2,N,A,N,A,H,A,A,01,S,03,C,,,,,C,N,N,D,2,0,0,0,22350.0,2,39.12199499,-121.612853,4
2016,2016-05-27,1412,5,1,14,5,Y,A,N,A,H,A,A,01,,09,D,,,Y,,C,N,N,A,1,0,0,1,21802.0,2,39.11816996,-121.62488994,3
2016,2016-06-01,736,6,2,7,3,N,A,N,A,H,B,N,60,E,11,G,Y,,,,B,N,N,D,1,1,0,0,21954.0,2,39.12731001,-121.64116119,4
2016,2016-06-18,1526,6,2,15,6,N,A,N,A,H,A,A,01,N,08,B,,,,,C,Y,N,D,1,0,0,0,22107.0,2,39.14634241,-121.63467436,4
2016,2016-06-22,1808,6,2,18,3,N,A,Y,A,H,A,A,01,E,03,C,,,,,C,Y,N,A,2,0,0,0,22350.0,2,,,4
2016,2016-06-21,1124,6,2,11,2,N,A,N,A,H,A,A,01,N,03,C,,,,,C,N,N,D,1,0,0,0,22350.0,2,39.13902346,-121.61699072,4
2016,2016-06-21,1648,6,2,16,2,Y,A,N,A,H,A,-,- ,,- ,D,,,,,C,Y,N,A,2,0,0,0,,2,39.14802991,-121.64396988,3
2016,2016-07-11,1127,7,2,11,1,Y,A,Y,A,H,A,A,01,,12,D,,,,,C,Y,N,A,2,0,0,0,21453.0,2,39.13571736,-121.63468324,3
2016,2016-07-02,1631,7,2,16,6,Y,A,Y,A,H,A,A,01,,12,D,,,,,C,Y,N,A,2,0,0,0,21453.0,2,39.14179567,-121.64378959,4
2016,2016-06-30,2233,6,2,22,4,Y,A,Y,A,H,C,B,07,,07,C,,,,,C,N,N,D,2,0,0,0,21658.0,2,39.12690229,-121.63459425,4
2016,2016-08-06,2204,8,2,22,6,Y,A,N,A,H,C,L,04,,12,B,,Y,,,G,N,N,A,1,0,1,0,22450.0,2,39.12478998,-121.62476992,3
2016,2016-07-01,1716,7,2,17,5,N,A,Y,A,H,A,A,01,S,09,D,,,,,C,Y,N,D,1,0,0,0,21804.0,2,39.1418451,-121.64025911,3
2016,2016-07-01,1748,7,2,17,5,N,A,Y,A,H,A,A,01,W,09,D,,,,,C,N,N,D,1,0,0,0,21804.0,2,39.14189123,-121.63532516,4
2016,2016-07-12,1524,7,2,15,2,Y,A,Y,A,H,A,A,01,,09,D,,,,,C,Y,N,D,3,0,0,0,21801.0,5,39.14162488,-121.62789674,3
2016,2016-07-10,1345,7,2,13,7,Y,A,N,A,H,A,A,01,,09,B,,,,,C,N,N,D,1,0,0,0,21802.0,2,39.13144996,-121.64388999,4
2016,2016-07-13,653,7,2,6,3,Y,A,N,A,H,A,D,22,,12,D,,,,,C,Y,N,A,1,0,0,0,21453.0,3,39.12721999,-121.62477987,4
2016,2016-07-07,1502,7,2,15,4,N,A,N,A,H,A,A,01,E,08,B,,,,,C,Y,N,A,1,0,0,0,22107.0,2,39.13235001,-121.64310429,3
2016,2016-07-12,456,7,2,4,2,N,A,N,A,H,C,A,07,E,05,E,,,,,I,Y,N,A,1,0,0,0,21650.0,1,39.1518277,-121.6297955,4
2016,2016-07-13,1846,7,2,18,3,N,A,N,A,H,A,A,07,E,03,C,,,,,C,N,M,D,1,0,0,0,22350.0,2,39.13791633,-121.62536197,4
2016,2016-08-06,304,8,2,3,6,N,A,N,A,H,C,A,01,S,07,C,,,,,E,Y,N,D,1,0,0,0,21658.0,2,39.12961088,-121.66238345,3
2016,2016-08-01,834,8,2,8,1,N,A,N,A,H,A,A,01,N,05,A,,,,,C,Y,N,A,1,0,0,0,21650.0,2,39.14679314,-121.63946452,4
2016,2016-07-25,1435,7,2,14,1,Y,A,N,A,H,A,A,01,,09,D,,,,,C,Y,N,D,1,0,0,0,21801.0,2,39.13238996,-121.63348994,4
2016,2016-07-28,1217,7,2,12,4,Y,A,Y,A,H,A,A,01,,12,D,,,,,C,Y,N,A,1,0,0,0,21453.0,4,39.12732981,-121.63447675,4
2016,2016-07-28,1703,7,2,17,4,N,A,Y,A,H,A,A,01,N,03,C,,,,,C,N,N,D,1,0,0,0,22350.0,2,39.13285605,-121.63458886,4
2016,2016-07-18,1910,7,2,19,1,Y,A,N,A,H,A,A,01,,01,D,,,,,C,Y,N,A,3,0,0,0,23152.0,4,39.13772995,-121.62127999,2
2016,2016-08-04,1154,8,2,11,4,Y,A,N,A,H,A,A,01,,09,D,,,,,C,Y,N,A,1,0,0,0,21802.0,2,39.14037998,-121.64844995,4
2016,2016-07-25,1422,7,2,14,1,N,A,Y,A,H,A,A,07,N,03,C,,,,Y,C,Y,N,D,2,0,0,0,22350.0,2,39.12916141,-121.63454167,3
2016,2016-07-28,1538,7,2,15,4,Y,A,Y,A,H,A,A,01,,12,D,,,,,C,N,N,A,2,0,0,0,21453.0,2,39.14146722,-121.67175156,4
2016,2016-07-25,1410,7,2,14,1,N,A,Y,A,H,A,A,01,S,03,C,,,,,C,Y,N,D,2,0,0,0,22350.0,2,39.13014848,-121.63452651,4
2016,2016-07-23,2500,7,2,25,6,Y,A,Y,A,H,C,N,60,,11,G,Y,,,,B,N,M,A,1,1,0,0,21954.0,2,39.14182988,-121.62993824,3