ACCIDENT_YEAR,COLLISION_DATE,COLLISION_TIME,MONTH,SEASON,24HOURS,DAY_OF_WEEK,INTERSECTION,WEATHER_1,STATE_HWY_IND,ROAD_SURFACE,ROAD_COND_1,LIGHTING,STWD_VEHTYPE_AT_FAULT,CHP_VEHTYPE_AT_FAULT,DIRECTION,PCF_VIOL_CATEGORY,TYPE_OF_COLLISION,PEDESTRIAN_ACCIDENT,BICYCLE_ACCIDENT,MOTORCYCLE_ACCIDENT,TRUCK_ACCIDENT,MVIW,TOW_AWAY,HIT_AND_RUN,CONTROL_DEVICE,NUMBER_INJURED,COUNT_PED_INJURED,COUNT_BICYCLIST_INJURED,COUNT_MC_INJURED,PCF_VIOLATION,PARTY_COUNT,POINT_Y,POINT_X,COLLISION_SEVERITY
2019,2019-01-04,1730,1,4,17,5,N,A,Y,A,H,B,D,22,W,03,C,,,,,C,N,N,A,1,0,0,0,22350.0,2,39.141796112060554,-121.63520050048828,4
2018,2018-12-31,1739,12,4,17,1,N,A,Y,A,H,C,A,01,E,03,C,,,,,C,N,N,D,1,0,0,0,22350.0,2,39.14160537719727,-121.62715911865234,4
2019,2019-01-16,1650,1,4,16,3,N,C,Y,B,H,A,A,01,E,03,C,,,,,C,N,N,D,2,0,0,0,22350.0,2,39.14154815673828,-121.62222290039062,4
2019,2019-01-05,601,1,4,6,6,Y,B,Y,A,H,C,-,- ,,00,D,,,,,C,Y,N,A,3,0,0,0,,2,39.1273307800293,-121.6344757080078,4
2019,2019-01-22,1553,1,4,15,2,N,A,Y,A,H,A,D,22,E,03,C,,,,,C,Y,N,D,5,0,0,0,22350.0,3,39.14235305786133,-121.61297607421876,3
2019,2019-01-24,1507,1,4,15,4,N,A,Y,A,H,A,D,22,W,03,C,,,,,C,Y,N,A,1,0,0,0,22350.0,2,39.14133071899414,-121.6733856201172,4
2019,2019-01-06,519,1,4,5,7,N,B,Y,B,-,C,A,01,S,08,F,,,,,J,Y,N,D,1,0,0,0,22107.0,1,39.1496467590332,-121.63557434082033,4
2019,2019-02-14,1637,2,4,16,4,Y,A,Y,A,H,A,A,07,,12,D,,,,,C,Y,N,A,1,0,0,0,22450.0,2,39.28152084350586,-121.66130828857422,4
2019,2019-01-29,1327,1,4,13,2,N,A,Y,A,H,A,A,07,W,03,C,,,,,C,Y,N,D,1,0,0,0,22350.0,3,39.14176940917969,-121.62808990478516,4
2019,2019-01-28,628,1,4,6,1,Y,A,Y,A,H,C,A,01,,12,D,,,,,C,Y,N,A,1,0,0,0,21453.0,2,39.14129257202149,-121.61573028564452,4
2019,2019-01-03,1127,1,4,11,4,Y,A,N,A,H,A,D,22,,09,D,,,,,C,Y,N,A,2,0,0,0,21453.0,2,39.14802932739258,-121.64396667480467,3
2019,2019-01-20,745,1,4,7,7,N,A,N,A,H,C,A,01,E,01,A,,,,,E,Y,N,D,1,0,0,0,23152.0,3,39.15959930419922,-121.62808227539062,4
2018,2018-12-21,1708,12,4,17,5,N,B,N,B,H,C,A,01,N,03,C,,,,,C,Y,N,D,1,0,0,0,22350.0,2,39.128536224365234,-121.64389038085938,4
2019,2019-01-15,1204,1,4,12,2,N,B,N,B,H,A,A,01,E,10,G,Y,,,,B,N,N,A,1,1,0,0,21950.0,2,,,4
2019,2019-01-08,1404,1,4,14,2,N,A,N,B,H,A,-,- ,E,- ,E,,,,,E,Y,N,D,1,0,0,0,,5,39.112651824951165,-121.62049865722656,4
2019,2019-01-16,1720,1,4,17,3,N,C,N,B,H,B,A,01,E,03,C,,,,,C,N,N,A,1,0,0,0,22350.0,4,39.14154052734375,-121.62249755859376,4
2018,2018-01-04,1650,1,4,16,4,N,A,N,A,H,A,A,01,E,12,C,,,,,C,N,N,A,1,0,0,0,21453.0,2,39.13264465332031,-121.62297821044922,4
2019,2019-01-06,1306,1,4,13,7,Y,C,N,B,H,A,A,01,,12,D,,,,,C,Y,F,A,1,0,0,0,21453.0,2,39.13595962524414,-121.61367034912108,4
2019,2019-01-12,1902,1,4,19,6,Y,A,N,A,H,C,A,01,,12,A,,,,,C,Y,N,A,1,0,0,0,21453.0,2,,,4
2019,2019-01-08,1405,1,4,14,2,N,B,N,B,H,A,-,- ,E,18,B,,,,,C,N,N,A,1,0,0,0,,2,39.11267852783203,-121.62728881835938,4
2019,2019-01-10,21,1,4,0,4,N,B,N,B,H,D,A,01,S,01,D,,,,,I,Y,N,D,1,0,0,0,23152.0,1,39.13327026367188,-121.60474395751952,4
2019,2019-01-13,1530,1,4,15,7,N,A,N,A,H,A,-,- ,E,18,E,,Y,,,G,N,N,D,1,0,1,0,,2,39.126171112060554,-121.61873626708984,3
2019,2019-02-07,757,2,4,7,4,N,A,N,A,H,A,D,22,N,21,B,,,,,C,Y,N,D,1,0,0,0,22106.0,2,39.140182495117195,-121.65550994873048,3
2019,2019-02-07,1501,2,4,15,4,Y,A,N,A,H,A,A,01,,09,D,,,,,C,N,N,D,1,0,0,0,21801.0,2,39.13238906860352,-121.63349151611328,4
2019,2019-02-14,1825,2,4,18,4,Y,B,N,A,H,C,A,07,,09,A,,,,,C,Y,N,D,2,0,0,0,21801.0,2,,,3
2019,2019-02-18,1040,2,4,10,1,N,A,N,A,H,A,A,01,N,09,E,,,,,I,Y,N,D,1,0,0,0,21802.0,2,39.14506149291992,-121.6888427734375,4
2019,2019-02-23,1544,2,4,15,6,Y,B,N,A,H,A,D,22,,09,D,,,,,C,Y,N,D,1,0,0,0,21802.0,2,39.13772964477539,-121.62127685546876,4
2019,2019-02-13,37,2,4,0,3,Y,C,Y,B,H,C,A,01,,09,D,,,,,C,N,N,A,1,0,0,0,21453.0,2,39.14143371582031,-121.6557159423828,4
2019,2019-02-16,2234,2,4,22,6,N,A,Y,A,H,A,A,01,N,03,C,,,,,C,N,N,A,2,0,0,0,22350.0,2,39.14164352416992,-121.64862823486328,4
2019,2019-02-22,957,2,4,9,5,Y,A,Y,A,H,A,A,07,,08,D,,,,,C,Y,N,D,1,0,0,0,22107.0,2,39.141765594482415,-121.62789916992188,4
2019,2019-02-27,1734,2,4,17,3,N,B,Y,B,H,B,D,22,E,03,D,,,,,I,Y,N,D,2,0,0,0,22350.0,2,39.14268493652344,-121.61175537109376,4
2019,2019-03-02,1350,3,1,13,6,N,B,Y,B,H,A,A,01,E,03,C,,,,,C,Y,N,A,1,0,0,0,22350.0,2,39.1413459777832,-121.67133331298828,4
2019,2019-03-08,1242,3,1,12,5,N,A,N,A,H,A,D,22,N,03,C,,,,,C,Y,N,A,2,0,0,0,22350.0,3,39.125244140625,-121.64386749267578,4
2019,2019-03-02,13,3,1,0,6,N,A,N,B,H,C,A,01,N,08,C,,,,,C,Y,N,D,1,0,0,0,22107.0,3,39.1128044128418,-121.62501525878906,4
2018,2018-12-17,902,12,4,9,1,N,A,N,A,H,A,A,01,W,03,C,,,,,C,N,N,A,1,0,0,0,22350.0,2,39.127300262451165,-121.64395904541016,4
2019,2019-03-02,1957,3,1,19,6,Y,B,Y,A,H,C,A,01,,12,B,,,,,C,N,N,A,1,0,0,0,21453.0,2,39.14189147949219,-121.63197326660156,3
2019,2019-01-04,1644,1,4,16,5,N,A,Y,A,H,B,A,01,S,03,C,,,,,C,Y,N,A,1,0,0,0,22350.0,2,39.27323913574219,-121.66057586669922,4
2019,2019-01-28,801,1,4,8,1,Y,A,Y,A,H,A,A,01,,09,D,,,,,C,Y,N,D,1,0,0,0,21804.0,2,39.277099609375,-121.66130065917967,4
2018,2018-12-14,1646,12,4,16,5,N,B,Y,B,H,C,A,01,S,03,A,,,,,D,N,N,D,1,0,0,0,22350.0,3,39.2836799621582,-121.66159057617188,4
2019,2019-03-12,1523,3,1,15,2,N,A,Y,A,H,A,A,01,W,03,C,,,,,C,N,N,D,2,0,0,0,22350.0,2,39.14184188842773,-121.64115142822266,4
2019,2019-03-12,1304,3,1,13,2,Y,A,Y,A,H,A,D,22,,08,D,,,,,C,Y,N,D,2,0,0,0,22107.0,2,39.141765594482415,-121.62789916992188,4
2019,2019-03-11,1643,3,1,16,1,Y,A,N,A,H,A,A,01,,08,A,,,,,C,Y,N,D,3,0,0,0,22107.0,2,39.1254997253418,-121.60942840576172,4
2019,2019-03-06,1234,3,1,12,3,Y,B,N,B,H,A,A,07,,12,D,,,,,C,N,N,A,2,0,0,0,21453.0,2,39.10078811645508,-121.61582946777344,4
2019,2019-03-16,1605,3,1,16,6,N,A,N,A,H,A,A,01,N,09,D,,,,,C,Y,N,D,2,0,0,0,21804.0,2,39.142139434814446,-121.64850616455078,3
2019,2019-03-17,1755,3,1,17,7,Y,A,N,A,-,A,A,01,,08,D,,,,,C,Y,N,D,1,0,0,0,22107.0,2,39.13531112670898,-121.62532043457033,4
2019,2019-03-25,1508,3,1,15,1,N,C,Y,B,H,A,D,22,N,03,C,,,,,C,Y,N,A,1,0,0,0,22350.0,2,39.133007049560554,-121.63446044921876,4
2019,2019-03-07,1333,3,1,13,4,Y,B,Y,A,H,A,D,22,,09,D,,,,,C,Y,N,D,1,0,0,0,21801.0,2,39.1416244506836,-121.62789916992188,4
2019,2019-03-25,1312,3,1,13,1,Y,C,N,B,H,A,A,07,,09,D,,,,,C,Y,N,D,1,0,0,0,21804.0,2,39.12728118896485,-121.64591979980467,4
2019,2019-03-22,1515,3,1,15,5,N,B,N,B,H,A,A,07,W,03,C,,,,,C,N,N,A,1,0,0,0,22350.0,2,39.11269760131836,-121.62904357910156,4
2019,2019-03-29,1313,3,1,13,5,Y,A,N,A,H,A,A,01,,03,C,,,,,C,N,N,D,1,0,0,0,22350.0,2,39.150440216064446,-121.61519622802734,4
2019,2019-03-18,1746,3,1,17,1,N,A,N,A,H,A,A,01,N,03,C,,,,,C,Y,N,A,1,0,0,0,22350.0,2,39.12845230102539,-121.6248779296875,4
2019,2019-03-25,1558,3,1,15,1,Y,C,N,B,H,A,A,07,,08,D,,,,,C,Y,N,D,1,0,0,0,22107.0,2,39.14332962036133,-121.61244201660156,4
2019,2019-03-25,1019,3,1,10,1,Y,B,N,B,H,A,-,99,,12,A,,,,,C,N,F,A,1,0,0,0,21453.0,2,39.14178,-121.63186,4
2019,2019-03-21,1520,3,1,15,4,Y,A,N,A,H,A,A,07,,03,C,,,,,C,N,N,D,1,0,0,0,22350.0,2,39.13882827758789,-121.6168975830078,4
2019,2019-03-15,2315,3,1,23,5,N,A,Y,A,H,C,D,22,W,12,G,Y,,,,B,N,N,A,1,1,0,0,21453.0,2,39.14183807373047,-121.63031005859376,4
2019,2019-03-26,1332,3,1,13,2,N,B,Y,A,H,A,A,01,W,03,A,,,,,C,Y,N,D,1,0,0,0,22350.0,2,39.140750885009766,-121.6190948486328,3
2019,2019-03-06,1353,3,1,13,3,N,B,N,B,H,A,A,01,N,03,C,,,,,C,N,N,D,1,0,0,0,22350.0,2,39.14176177978516,-121.6344757080078,4
2019,2019-03-04,1459,3,1,14,1,N,B,Y,A,H,A,G,25,S,07,B,,,,Y,C,N,N,A,1,0,0,0,21658.0,2,39.141555786132805,-121.6344757080078,4
2019,2019-03-30,910,3,1,9,6,N,A,Y,A,H,A,A,01,S,08,D,,,,,C,Y,N,A,2,0,0,0,22107.0,2,39.14154815673828,-121.63467407226562,4
2019,2019-04-13,2231,4,1,22,6,N,A,Y,A,H,C,A,01,E,03,D,,,,,C,Y,N,D,1,0,0,0,22350.0,2,39.14060592651367,-121.61850738525392,3
2019,2019-03-28,27,3,1,0,4,N,A,N,A,H,C,A,08,W,01,A,,,,,I,Y,N,D,1,0,0,0,23152.0,1,39.13247680664063,-121.62349700927734,4
2019,2019-04-19,848,4,1,8,5,N,A,N,A,H,A,-,,W,08,H,,,,,J,N,N,D,1,0,0,0,22107.0,1,39.141239166259766,-121.61550903320312,3
2019,2019-04-20,1455,4,1,14,6,N,A,Y,A,H,A,A,01,W,09,D,,,,,C,Y,N,D,2,0,0,0,21804.0,2,39.14184188842773,-121.64151763916016,3
2019,2019-05-01,816,5,1,8,3,Y,A,Y,A,H,A,A,01,,09,B,,,,,C,Y,N,A,1,0,0,0,21453.0,2,39.13240814208984,-121.63457489013672,4
2019,2019-05-01,2144,5,1,21,3,N,B,Y,A,H,C,A,08,N,03,C,,,,,C,N,N,A,1,0,0,0,22350.0,3,39.13270568847656,-121.63458251953124,4
2019,2019-05-10,1112,5,1,11,5,N,A,Y,A,H,C,A,01,N,03,C,,,,,C,Y,N,A,1,0,0,0,22350.0,2,39.13330459594727,-121.63460540771484,3
2019,2019-04-26,1459,4,1,14,5,Y,A,Y,A,H,A,A,01,,08,D,,,,,C,Y,N,D,1,0,0,0,22107.0,3,39.1416244506836,-121.62789916992188,4
2019,2019-05-05,1529,5,1,15,7,Y,A,Y,A,H,A,A,01,,12,D,,,,,C,Y,N,A,1,0,0,0,21453.0,2,39.14189147949219,-121.63197326660156,3
2019,2019-05-10,2039,5,1,20,5,N,A,Y,A,H,C,A,01,S,03,C,,,,,C,N,N,A,2,0,0,0,22350.0,2,39.13540649414063,-121.63450622558594,4
2019,2019-04-10,1726,4,1,17,3,N,A,N,A,H,A,A,01,W,09,B,,,,,C,N,N,D,1,0,0,0,21804.0,2,39.15082931518555,-121.63255310058594,4
2019,2019-04-23,1526,4,1,15,2,N,A,N,A,H,A,L,04,N,08,H,,Y,,,I,N,N,D,1,0,1,0,22107.0,1,39.13591003417969,-121.63006591796876,3
2019,2019-04-12,1945,4,1,19,5,N,A,N,A,H,A,F,26,N,03,C,,,,Y,C,Y,F,A,1,0,0,0,22350.0,2,39.12742233276367,-121.64389038085938,4
2019,2019-04-10,1212,4,1,12,3,N,A,Y,A,H,A,G,25,W,08,C,,,,Y,C,N,N,A,1,0,0,0,22107.0,2,39.13240814208984,-121.63457489013672,4
2019,2019-04-02,823,4,1,8,2,Y,B,N,B,H,A,A,01,,09,D,,,,,C,Y,N,A,1,0,0,0,21800.0,3,39.27608108520508,-121.6599578857422,4
2019,2019-04-03,846,4,1,8,3,Y,A,N,A,H,A,A,01,,09,D,,,,,C,Y,N,A,1,0,0,0,21800.0,2,39.280029296875,-121.66525268554688,4
2019,2019-04-29,1615,4,1,16,1,N,A,N,A,H,A,-,- ,W,18,C,,,,,E,Y,N,D,1,0,0,0,,2,39.132354736328125,-121.62387084960938,4
2019,2019-05-03,857,5,1,8,5,Y,A,N,A,H,A,A,01,,08,D,,,,,C,Y,N,D,1,0,0,0,22107.0,2,39.13589096069336,-121.67156219482422,3
2019,2019-05-11,2242,5,1,22,6,N,A,N,A,H,C,A,01,W,01,C,,,,,C,Y,N,A,1,0,0,0,23153.0,2,39.148052215576165,-121.64404296875,2
2019,2019-05-04,339,5,1,3,6,N,A,N,A,H,C,A,01,E,03,A,,,,,I,N,N,D,2,0,0,0,22350.0,1,39.133399963378906,-121.61041259765624,3
2019,2019-05-04,1409,5,1,14,6,N,A,Y,A,H,A,A,01,,03,C,,,,,C,N,F,A,1,0,0,0,22350.0,2,39.14164352416992,-121.64862823486328,4
2019,2019-04-25,1635,4,1,16,4,Y,A,N,A,H,A,A,01,,09,D,,,,,C,Y,N,D,2,0,0,0,21801.0,3,39.14913177490234,-121.62068176269533,3
2019,2019-04-24,1001,4,1,10,3,N,A,N,A,H,A,A,07,E,22,C,,,,,E,Y,N,D,1,0,0,0,,3,39.13037109375,-121.6106414794922,3
2019,2019-04-25,1454,4,1,14,4,Y,A,N,A,H,A,A,08,,10,G,,Y,,,G,N,N,D,1,0,1,0,21950.0,2,39.27603149414063,-121.672607421875,3
2019,2019-04-26,1742,4,1,17,5,N,A,N,A,H,A,A,01,W,09,D,,,,,C,Y,N,D,1,0,0,0,21801.0,2,39.276042938232415,-121.65347290039062,4
2019,2019-05-01,1421,5,1,14,3,Y,A,N,A,H,A,A,01,,09,D,,,,,C,Y,N,A,1,0,0,0,21802.0,2,39.11637878417969,-121.64388275146484,4
2019,2019-05-07,740,5,1,7,2,Y,A,N,A,H,A,A,01,,09,D,,,,,C,Y,N,A,3,0,0,0,21800.0,2,39.27199172973633,-121.65812683105467,4
2019,2019-05-13,839,5,1,8,1,Y,A,N,A,H,A,A,01,,09,D,,,,,C,Y,N,A,2,0,0,0,21801.0,2,39.27066040039063,-121.66049957275392,4
2019,2019-03-18,1826,3,1,18,1,Y,A,N,A,H,A,L,04,,09,C,,Y,,,G,N,N,D,1,0,1,0,21801.0,2,39.1225700378418,-121.64322662353516,3
2019,2019-05-12,351,5,1,3,7,N,A,N,A,H,C,A,01,E,01,A,,,,,C,Y,N,D,1,0,0,0,23152.0,3,39.10833740234375,-121.61347198486328,2
2019,2019-05-17,548,5,1,5,5,Y,A,N,A,H,B,D,22,,08,D,,,,,C,Y,N,D,2,0,0,0,22107.0,2,39.11043930053711,-121.61717987060548,3
2019,2019-05-16,1059,5,1,10,4,N,C,N,B,H,A,A,01,N,03,C,,,,,E,Y,N,D,1,0,0,0,22350.0,2,39.14989471435546,-121.61749267578124,4
2019,2019-05-13,1410,5,1,14,1,Y,A,N,A,H,A,A,07,,09,D,,,,,C,Y,N,A,1,0,0,0,21802.0,2,39.12479019165039,-121.62477111816406,4
2019,2019-05-14,1340,5,1,13,2,N,B,Y,A,H,A,A,01,N,09,D,,,,,C,Y,N,D,1,0,0,0,21804.0,2,39.28249740600586,-121.66131591796876,4
2019,2019-05-13,2049,5,1,20,1,N,A,Y,A,H,C,N,60,W,11,G,Y,,,,B,N,N,D,1,1,0,0,21954.0,2,39.14181137084961,-121.6291961669922,2
2019,2019-05-07,951,5,1,9,2,Y,A,Y,A,H,A,C,02,,07,B,,,Y,,C,N,N,D,1,0,0,1,21658.0,2,39.140716552734375,-121.61743927001952,3
2019,2019-05-05,2223,5,1,22,7,N,A,Y,A,H,C,A,01,N,03,C,,,,,C,Y,N,A,1,0,0,0,22350.0,2,39.13345336914063,-121.63460540771484,3
2019,2019-05-20,1417,5,1,14,1,N,A,Y,A,H,A,A,08,E,03,C,,,,,C,Y,N,D,3,0,0,0,22350.0,2,39.14189910888672,-121.6139907836914,3
2019,2019-05-22,2100,5,1,21,3,Y,A,Y,A,H,C,A,07,,09,A,,,,,C,Y,N,A,2,0,0,0,21453.0,2,39.1412467956543,-121.62077331542967,3
2019,2019-06-03,2200,6,2,22,1,N,A,Y,A,H,D,A,08,W,11,G,Y,,,,B,N,F,D,1,1,0,0,21954.0,2,39.141597747802734,-121.62294769287108,2
2019,2019-06-02,1804,6,2,18,7,Y,A,Y,A,H,A,A,01,,12,D,,,,,C,Y,N,A,1,0,0,0,21453.0,2,39.14156723022461,-121.62567901611328,4
2019,2019-06-02,215,6,2,2,7,N,A,N,A,H,C,A,01,S,07,B,,,,,C,N,N,D,1,0,0,0,21658.0,2,39.112659454345696,-121.6174774169922,4
2019,2019-05-17,541,5,1,5,5,N,C,N,B,H,B,A,01,,05,B,,,,,C,Y,F,D,1,0,0,0,21651.0,2,39.1379508972168,-121.67156982421876,3
2019,2019-05-23,1330,5,1,13,4,N,A,Y,A,H,A,A,08,N,21,C,,,,,C,N,N,A,1,0,0,0,22106.0,2,39.141407012939446,-121.62078094482422,4
2019,2019-05-18,1413,5,1,14,6,N,C,N,B,H,A,A,01,S,03,C,,,,,C,Y,N,D,2,0,0,0,22350.0,2,39.13924789428711,-121.655517578125,3
2019,2019-05-31,746,5,1,7,5,N,A,N,A,H,A,A,01,W,03,C,,,,,C,Y,N,D,1,0,0,0,22350.0,3,39.14170837402344,-121.6592025756836,4
2019,2019-05-28,808,5,1,8,2,Y,A,N,A,H,A,A,08,,09,D,,,,,C,Y,N,A,4,0,0,0,21802.0,2,39.14477157592773,-121.62079620361328,3
2019,2019-06-11,2103,6,2,21,2,Y,A,N,A,H,C,L,04,,17,D,,Y,,,G,N,N,A,1,0,1,0,21461.0,2,39.15182876586913,-121.63005828857422,3
2019,2019-06-15,1151,6,2,11,6,N,A,N,A,H,A,A,01,W,03,C,,,,,C,N,N,D,1,0,0,0,22350.0,2,39.132301330566406,-121.6301727294922,3
2019,2019-06-01,718,6,2,7,6,Y,A,N,A,H,A,L,04,,08,D,Y,Y,,,B,N,N,D,1,1,0,0,22107.0,2,39.13483810424805,-121.64849090576172,3
2019,2019-06-19,1301,6,2,13,3,N,A,N,A,H,A,A,01,S,01,D,,,,,C,Y,N,D,1,0,0,0,23152.0,2,39.170757293701165,-121.62371826171876,4
2019,2019-05-30,1518,5,1,15,4,N,A,N,A,H,A,A,01,E,21,C,,,,,C,N,N,A,1,0,0,0,22106.0,2,39.140491485595696,-121.62556457519533,4
2019,2019-05-28,1519,5,1,15,2,N,A,N,A,H,A,L,04,E,09,D,,Y,,,G,N,F,D,1,0,1,0,21804.0,2,39.13153076171875,-121.62510681152344,3
2019,2019-06-10,1554,6,2,15,1,Y,A,N,A,H,A,D,22,,12,D,,,,,C,Y,N,A,1,0,0,0,21453.0,2,39.14400100708008,-121.65545654296876,3
2019,2019-06-04,948,6,2,9,2,N,A,Y,A,H,A,A,07,W,03,C,,,,,-,Y,N,D,2,0,0,0,22350.0,2,39.14189147949219,-121.63216400146484,3
2019,2019-06-25,1404,6,2,14,2,N,A,N,A,H,A,A,08,E,03,C,,,,,C,N,F,A,1,0,0,0,22350.0,2,39.12731170654297,-121.63703918457033,4
2019,2019-06-25,1635,6,2,16,2,N,A,N,A,H,A,A,08,N,09,D,,,,,C,N,N,D,2,0,0,0,21804.0,2,39.13627243041992,-121.6138153076172,3
2019,2019-06-11,1528,6,2,15,2,N,A,N,A,H,A,A,01,W,09,B,,,,,C,N,N,D,1,0,0,0,21804.0,2,39.098339080810554,-121.62615966796876,4
2019,2019-06-24,1800,6,2,18,1,N,A,N,A,H,A,L,04,N,05,A,,Y,,,G,Y,N,D,1,0,1,0,21650.0,2,39.138198852539055,-121.61660766601562,2
2019,2019-06-24,1054,6,2,10,1,N,A,N,A,H,A,A,01,N,07,B,,,,,C,Y,N,D,1,0,0,0,21658.0,2,39.14379119873047,-121.62081909179688,4
2019,2019-06-30,1045,6,2,10,7,N,A,Y,A,H,A,-,99,E,12,C,,,,,C,Y,F,A,1,0,0,0,21453.0,3,39.14152526855469,-121.61540985107422,4
2019,2019-07-07,1654,7,2,16,7,N,A,N,A,H,A,A,01,E,01,C,,,,,C,Y,N,A,1,0,0,0,23152.0,2,39.13222885131836,-121.62445831298828,3
2019,2019-05-25,1715,5,1,17,6,N,A,Y,A,H,A,A,07,E,04,C,,,,,C,N,F,A,2,0,0,0,21703.0,2,39.14147567749024,-121.61557006835938,4
2019,2019-06-15,2119,6,2,21,6,N,A,N,A,H,C,A,01,E,08,A,,,,,C,Y,N,D,2,0,0,0,22107.0,4,39.13233184814453,-121.6389617919922,3
2019,2019-06-13,1616,6,2,16,4,Y,A,N,A,H,A,A,01,,09,D,,,,,C,Y,N,A,1,0,0,0,21802.0,2,39.137969970703125,-121.64391326904295,3
2019,2019-07-14,2225,7,2,22,7,Y,A,N,A,H,C,A,07,,01,D,,,,,C,Y,N,A,1,0,0,0,23153.0,2,39.14929962158203,-121.64833068847656,3
2019,2019-06-17,2310,6,2,23,1,N,A,N,A,H,C,N,60,W,11,G,Y,,Y,,B,N,N,D,1,1,0,0,21954.0,2,39.13225936889648,-121.62727355957033,3
2019,2019-06-30,1821,6,2,18,7,N,A,N,A,H,A,D,22,E,01,C,,,,,C,Y,F,D,1,0,0,0,23153.0,2,39.13738250732422,-121.60956573486328,3
2019,2019-07-02,1659,7,2,16,2,Y,A,N,A,H,A,A,07,,09,D,,,,,C,Y,N,D,1,0,0,0,21802.0,2,39.13928,-121.66243,3
2019,2019-06-14,2223,6,2,22,5,N,A,Y,A,H,C,A,01,W,21,C,,,,,C,N,N,A,1,0,0,0,22106.0,2,39.14143371582031,-121.6557388305664,4
2019,2019-07-17,1835,7,2,18,3,Y,A,N,A,H,A,A,01,,09,D,,,,,C,N,F,D,1,0,0,0,21802.0,2,39.13941955566406,-121.62554168701172,3
2019,2019-07-12,2225,7,2,22,5,N,A,N,A,H,C,A,01,S,03,C,,,,,C,N,M,D,1,0,0,0,22350.0,2,39.1388053894043,-121.61688995361328,4
2019,2019-07-05,1621,7,2,16,5,N,A,N,A,H,A,D,22,W,09,D,,Y,,,G,N,F,D,1,0,1,0,21800.0,2,39.13792037963867,-121.62545013427734,3
2019,2019-07-07,1414,7,2,14,7,N,A,N,A,H,A,A,07,E,12,B,,,,,C,N,N,A,1,0,0,0,21453.0,2,39.12730407714844,-121.63680267333984,3
2019,2019-08-04,2324,8,2,23,7,Y,A,Y,A,H,C,N,60,,11,G,Y,,,,B,N,N,A,1,1,0,0,21453.0,2,39.13240814208984,-121.63445281982422,2
2019,2019-08-09,1620,8,2,16,5,N,A,Y,A,H,A,A,01,N,04,C,,,,,C,Y,N,D,2,0,0,0,21703.0,2,39.13862991333008,-121.63452911376952,2
2019,2019-08-07,805,8,2,8,3,N,A,Y,A,H,A,-,- ,E,18,E,,,,,I,Y,N,D,1,0,0,0,,1,39.14135360717773,-121.6687240600586,4
2019,2019-08-04,1818,8,2,18,7,Y,A,Y,A,H,A,A,01,,09,F,,,,,C,Y,N,A,2,0,0,0,21453.0,2,39.141414642333984,-121.61576080322266,3
2020,2020-04-03,2021,4,1,20,5,N,A,N,A,H,C,C,02,S,03,E,,,Y,,I,Y,N,D,0,0,0,0,22350.0,1,39.1506233215332,-121.66242218017578,1
2020,2020-08-05,41,8,2,0,3,Y,A,N,A,H,C,A,07,,10,G,Y,,,,B,Y,N,A,0,0,0,0,21950.0,2,39.122100830078125,-121.61269378662108,1
2020,2020-08-27,1529,8,2,15,4,N,A,N,A,H,A,C,06,N,09,D,,,Y,,C,Y,N,A,0,0,0,0,21802.0,2,39.16154479980469,-121.63568115234376,1
2019,2019-07-25,1712,7,2,17,4,Y,A,Y,-,A,A,A,01,,08,D,,,,,C,Y,N,D,1,0,0,0,22107.0,2,39.141765594482415,-121.62789916992188,4
2019,2019-07-16,1247,7,2,12,2,N,A,Y,A,H,A,A,01,W,03,C,,,,,C,N,N,D,1,0,0,0,22350.0,2,39.141845703125,-121.64041137695312,4
2019,2019-07-22,1112,7,2,11,1,N,A,Y,A,H,A,A,07,E,03,C,,,,,C,N,N,A,1,0,0,0,22350.0,2,39.14165496826172,-121.648193359375,4
2019,2019-07-26,720,7,2,7,5,Y,A,N,A,H,B,D,22,,12,G,Y,,,,B,N,N,D,1,1,0,0,22450.0,2,39.126419067382805,-121.62110137939452,3
2019,2019-07-14,918,7,2,9,7,Y,A,N,A,H,A,-,- ,,00,D,,,,,C,Y,N,A,2,0,0,0,,2,39.10078811645508,-121.61582946777344,4
2019,2019-07-23,638,7,2,6,2,N,A,N,A,H,A,A,01,N,03,C,,,,Y,C,Y,N,D,1,0,0,0,22350.0,2,39.138031005859375,-121.62545776367188,3