ACCIDENT_YEAR,COLLISION_DATE,COLLISION_TIME,MONTH,SEASON,24HOURS,DAY_OF_WEEK,INTERSECTION,WEATHER_1,STATE_HWY_IND,ROAD_SURFACE,ROAD_COND_1,LIGHTING,STWD_VEHTYPE_AT_FAULT,CHP_VEHTYPE_AT_FAULT,DIRECTION,PCF_VIOL_CATEGORY,TYPE_OF_COLLISION,PEDESTRIAN_ACCIDENT,BICYCLE_ACCIDENT,MOTORCYCLE_ACCIDENT,TRUCK_ACCIDENT,MVIW,TOW_AWAY,HIT_AND_RUN,CONTROL_DEVICE,NUMBER_INJURED,COUNT_PED_INJURED,COUNT_BICYCLIST_INJURED,COUNT_MC_INJURED,PCF_VIOLATION,PARTY_COUNT,POINT_Y,POINT_X,COLLISION_SEVERITY
2017,2017-06-30,1710,6,2,17,5,Y,A,N,A,H,A,D,22,,12,D,,,,,C,Y,N,A,2,0,0,0,22450.0,2,39.16866989,-121.74870999,4
2017,2017-07-03,1325,7,2,13,1,N,A,Y,A,H,A,A,01,N,03,C,,,,,C,Y,N,D,3,0,0,0,22350.0,2,38.90946644,-121.69294966,4
2017,2017-06-28,100,6,2,1,3,N,A,Y,A,H,D,A,01,N,08,E,,,,,I,Y,N,D,2,0,0,0,22107.0,1,38.94068026,-121.60671253,3
2017,2017-07-09,710,7,2,7,7,N,A,Y,A,H,A,A,01,N,08,E,,,,,I,Y,N,D,1,0,0,0,22107.0,1,,,4
2017,2017-07-10,1735,7,2,17,1,N,A,N,A,H,A,E,22,W,03,C,,,,,C,Y,N,D,2,0,0,0,22350.0,3,38.75121932,-121.49553712,4
2017,2017-07-11,0,7,2,0,2,N,A,N,A,H,D,A,01,S,08,E,,,,,I,Y,N,D,1,0,0,0,22107.0,1,39.18847548,-121.63018784,2
2017,2017-07-14,1030,7,2,10,5,N,A,Y,A,H,A,A,07,S,03,C,,,,,C,N,N,A,2,0,0,0,22350.0,2,39.1179993,-121.63458657,4
2017,2017-07-13,2053,7,2,20,4,N,A,Y,A,H,D,D,22,N,08,B,,,,,C,Y,N,D,2,0,0,0,22107.0,3,39.07007037,-121.63336527,4
2017,2017-07-17,38,7,2,0,1,N,A,Y,A,H,C,C,02,W,01,F,,,Y,,A,N,M,D,1,0,0,1,23152.0,1,39.11274979,-121.63472525,3
2017,2017-07-17,950,7,2,9,1,N,A,Y,A,H,A,A,01,N,03,C,,,,,C,Y,N,D,1,0,0,0,22350.0,2,39.23415993,-121.64638196,4
2017,2017-07-18,1651,7,2,16,2,Y,A,Y,A,H,A,A,01,,09,D,,,,,C,Y,N,D,2,0,0,0,21801.0,2,,,2
2017,2017-07-12,156,7,2,1,3,N,A,Y,A,H,D,A,01,S,01,D,,,,Y,C,Y,N,D,2,0,0,0,23152.0,2,39.07626207,-121.63495448,2
2017,2017-07-05,1938,7,2,19,3,N,A,N,A,H,A,C,02,N,08,F,,,Y,,A,N,N,D,1,0,0,1,22107.0,1,39.19517628,-121.89300608,2
2017,2017-07-16,1255,7,2,12,7,N,A,N,A,H,A,C,02,N,08,F,,,Y,,A,N,N,D,1,0,0,1,22107.0,1,39.00357845,-121.68973011,3
2017,2017-07-13,1655,7,2,16,4,N,A,Y,A,H,A,D,22,S,03,C,,,Y,,C,Y,N,A,1,0,0,1,22350.0,2,,,3
2020,2020-02-20,812,2,4,8,4,N,A,N,A,H,A,D,22,W,07,C,,,,,C,Y,N,D,2,0,0,0,21658.0,2,39.137939453125,-121.65306091308594,4
2017,2017-07-30,1020,7,2,10,7,N,A,N,A,H,A,D,22,W,01,H,,,,,A,Y,N,D,1,0,0,0,23152.0,1,38.75053769,-121.53115043,3
2017,2017-07-26,1055,7,2,10,3,Y,A,N,A,H,A,A,07,,12,F,,,,,A,Y,N,A,1,0,0,0,22450.0,2,39.12753994,-121.74488985,3
2017,2017-07-26,945,7,2,9,3,N,A,N,A,H,A,A,08,E,06,D,,,,,C,Y,N,D,1,0,0,0,21750.0,2,38.75078078,-121.51778553,4
2017,2017-07-19,2022,7,2,20,3,Y,A,Y,A,H,A,A,01,,09,A,,,,,C,Y,N,A,2,0,0,0,21801.0,2,39.09828025,-121.63455989,2
2017,2017-07-22,1910,7,2,19,6,Y,A,N,A,H,A,A,07,,09,D,,,,,C,Y,N,A,2,0,0,0,21802.0,2,39.06882994,-121.65323994,3
2017,2017-07-24,1415,7,2,14,1,Y,A,N,A,H,A,D,22,,09,D,,,,,C,Y,N,A,2,0,0,0,21802.0,2,39.12739996,-121.72622995,3
2017,2017-07-27,2235,7,2,22,4,N,A,Y,A,H,D,A,01,S,03,F,,,,,A,Y,N,D,1,0,0,0,22350.0,2,38.91333054,-121.60179552,4
2017,2017-07-26,1420,7,2,14,3,N,A,N,A,H,A,A,01,N,08,F,,,,,A,Y,N,D,1,0,0,0,22107.0,1,39.13104897,-121.75409465,4
2017,2017-07-30,2253,7,2,22,7,N,A,N,A,H,D,A,08,S,03,E,,,,,I,Y,M,D,2,0,0,0,22350.0,1,38.83688065,-121.52618396,3
2017,2017-07-31,2350,7,2,23,1,N,A,N,A,H,D,A,01,E,08,E,,,,,I,Y,N,D,1,0,0,0,22107.0,1,39.09809762,-121.66912123,4
2017,2017-08-06,2044,8,2,20,7,N,A,N,A,H,D,D,22,S,03,C,,,,,C,Y,N,D,1,0,0,0,22350.0,2,39.13316207,-121.68897887,4
2017,2017-08-03,1845,8,2,18,4,N,A,N,A,H,A,A,07,E,06,B,,,,,C,Y,N,D,5,0,0,0,21755.0,2,39.27603783,-121.63551267,3
2017,2017-07-25,1625,7,2,16,2,N,A,Y,A,H,A,A,01,W,06,E,,,,,J,Y,F,D,2,0,0,0,21751.0,3,39.1425729,-121.77207045,4
2017,2017-07-25,953,7,2,9,2,N,A,Y,A,H,A,E,22,E,17,H,,,,,C,Y,N,D,1,0,0,0,23114.0,2,39.14188514,-121.72164985,4
2017,2017-08-05,550,8,2,5,6,N,A,N,A,H,B,A,01,E,01,E,,,,,I,Y,N,D,1,0,0,0,23152.0,1,39.28871511,-121.85703414,3
2017,2017-08-14,1708,8,2,17,1,N,A,N,A,H,A,A,01,S,03,C,,,,,C,Y,N,A,2,0,0,0,22350.0,2,39.09747222,-121.63444449,3
2017,2017-08-11,710,8,2,7,5,N,A,N,A,H,A,A,01,N,03,C,,,,,C,Y,N,D,1,0,0,0,22350.0,2,38.83629,-121.63377,4
2017,2017-08-10,1205,8,2,12,4,N,A,Y,A,H,A,A,01,N,21,C,,,,,C,N,M,A,1,0,0,0,22106.0,2,39.11885996,-121.63470424,4
2017,2017-08-16,1050,8,2,10,3,N,A,Y,A,H,A,A,07,S,03,C,,,,Y,C,Y,N,D,1,0,0,0,22350.0,2,38.89138788,-121.54344316,4
2017,2017-08-08,1713,8,2,17,2,N,A,N,A,H,A,A,07,S,08,E,,,,,I,Y,N,D,1,0,0,0,22107.0,1,38.83459601,-121.48821532,3
2017,2017-08-24,530,8,2,5,4,N,A,N,A,H,A,A,01,W,01,F,,,,,A,N,N,D,1,0,0,0,23152.0,1,39.12713095,-121.70189284,3
2017,2017-08-23,707,8,2,7,3,N,A,N,A,H,A,-,- ,E,18,E,,,Y,,H,Y,N,D,1,0,0,1,,1,39.18624368,-121.77248391,2
2017,2017-08-21,800,8,2,8,1,N,B,N,A,H,A,A,01,E,08,E,,,,,I,Y,N,D,1,0,0,0,22107.0,1,39.23170628,-121.70575383,4
2017,2017-08-22,600,8,2,6,2,N,A,N,A,H,A,A,01,N,08,F,,,,,A,Y,M,D,1,0,0,0,22107.0,1,38.79953076,-121.63199113,3
2017,2017-08-13,2220,8,2,22,7,Y,A,N,A,H,D,A,07,,01,E,,,,,I,N,N,D,1,0,0,0,23152.0,1,39.18633997,-121.78233988,3
2017,2017-08-19,305,8,2,3,6,N,A,Y,A,H,D,D,22,E,01,F,,,,,A,Y,N,D,1,0,0,0,23152.0,1,39.1421983,-121.74519748,2
2017,2017-08-22,545,8,2,5,2,N,A,Y,A,H,D,A,01,N,05,D,,,,,C,Y,N,D,3,0,0,0,21460.0,3,38.92347666,-121.68766466,4
2017,2017-08-22,1030,8,2,10,2,N,A,N,A,H,A,A,07,S,09,B,,,,,C,Y,N,D,1,0,0,0,21801.0,2,39.12564721,-121.68909474,4
2017,2017-08-28,1742,8,2,17,1,Y,A,N,A,H,A,A,01,,03,C,,,,,C,Y,N,A,2,0,0,0,22350.0,2,39.16752993,-121.73502986,4
2017,2017-08-29,1350,8,2,13,2,Y,A,Y,A,H,A,A,07,,09,D,,,,,C,Y,N,A,1,0,0,0,21804.0,2,39.14194395,-121.72613009,4
2017,2017-08-29,840,8,2,8,2,N,A,Y,A,H,A,-,- ,S,18,E,,,,Y,J,N,N,D,1,0,0,0,,2,39.24542219,-121.65055505,4
2017,2017-08-29,2017,8,2,20,2,Y,A,N,A,H,D,A,07,,12,D,,,,,C,Y,N,A,1,0,0,0,22450.0,2,39.02533997,-121.67182997,4
2017,2017-08-19,1638,8,2,16,6,N,A,N,A,H,A,A,01,S,09,B,,,,,C,Y,N,D,2,0,0,0,21801.0,2,39.1242167,-121.6718704,3
2017,2017-09-03,530,9,3,5,7,N,A,Y,A,H,D,A,01,S,01,F,,,,,A,Y,N,D,2,0,0,0,23152.0,1,38.92124821,-121.54441295,3
2017,2017-09-03,1412,9,3,14,7,N,A,Y,A,H,A,A,01,E,03,C,,,,,C,Y,N,D,2,0,0,0,22350.0,2,39.0031814,-121.65360983,4
2017,2017-09-05,700,9,3,7,2,N,B,N,A,H,A,A,01,E,03,C,,,,,C,Y,N,D,3,0,0,0,22350.0,3,38.75135114,-121.48530934,4
2017,2017-09-12,547,9,3,5,2,N,A,N,A,H,D,A,01,S,05,A,,,,,C,Y,N,D,2,0,0,0,21650.0,2,38.79422089,-121.4882426,2
2017,2017-09-04,1642,9,3,16,1,Y,B,Y,A,H,A,D,22,,12,D,,,,,C,Y,N,A,1,0,0,0,21453.0,2,39.14231402,-121.75382258,4
2017,2017-09-10,900,9,3,9,7,N,A,N,A,H,A,A,01,S,03,C,,,,,C,Y,N,D,1,0,0,0,22350.0,2,39.28914151,-121.65994761,4
2017,2017-09-09,555,9,3,5,6,N,A,Y,A,H,A,A,01,N,08,F,,,,,J,Y,N,D,1,0,0,0,22107.0,1,38.87047203,-121.70771197,3
2017,2017-09-08,2350,9,3,23,5,N,A,Y,A,H,C,A,01,N,03,C,,,,,C,Y,N,A,2,0,0,0,22350.0,2,39.11839935,-121.6347086,4
2017,2017-09-09,1445,9,3,14,6,N,A,Y,A,H,A,D,22,N,03,C,,,,,C,N,N,A,1,0,0,0,22350.0,2,39.21923126,-121.64100796,4
2017,2017-09-11,611,9,3,6,1,N,B,N,A,H,B,A,07,E,08,E,,,,,I,Y,N,D,1,0,0,0,22107.0,1,39.06960129,-121.77135993,4
2017,2017-09-11,45,9,3,0,1,N,A,N,A,H,D,A,01,N,08,F,,,,,A,Y,N,D,1,0,0,0,22107.0,1,39.23740628,-121.68728362,3
2017,2017-09-16,1558,9,3,15,6,N,A,Y,A,H,A,A,07,S,09,D,,,,,C,Y,M,D,2,0,0,0,21801.0,2,39.06449056,-121.6334204,4
2017,2017-09-19,210,9,3,2,2,Y,A,N,A,H,D,C,02,,03,F,,,Y,,A,Y,N,A,1,0,0,1,22350.0,1,38.97610994,-121.60537994,4
2017,2017-09-20,630,9,3,6,3,N,A,N,A,H,B,D,22,N,08,F,,,,,I,Y,N,D,1,0,0,0,22107.0,1,39.21250502,-121.63904305,4
2017,2017-09-09,300,9,3,3,6,N,A,N,A,H,D,A,07,W,01,E,,,,,I,Y,N,D,1,0,0,0,23152.0,1,39.11255199,-121.69820993,3
2017,2017-09-22,737,9,3,7,5,N,A,Y,A,H,A,A,01,S,03,B,,,,,C,Y,N,D,2,0,0,0,22350.0,2,38.8095898,-121.71590652,2
2017,2017-09-21,1525,9,3,15,4,N,A,N,A,H,A,A,01,S,08,E,,,,,I,Y,N,D,1,0,0,0,22107.0,1,39.1271,-121.67191,3
2017,2017-09-15,1043,9,3,10,5,Y,A,Y,A,H,A,D,22,,09,D,,,,,C,Y,N,A,1,0,0,0,21802.0,2,39.14194516,-121.72634032,4
2017,2017-09-21,1526,9,3,15,4,N,A,Y,A,H,A,A,01,S,03,C,,,,,C,Y,N,D,1,0,0,0,22350.0,3,39.12489083,-121.63449294,4
2017,2017-09-27,1715,9,3,17,3,Y,A,N,A,H,A,A,01,,12,D,,,,,C,Y,N,C,2,0,0,0,22450.0,2,39.16866989,-121.74870999,4
2017,2017-09-28,1135,9,3,11,4,N,A,Y,A,H,A,A,07,N,03,C,,,,,C,Y,N,D,1,0,0,0,22350.0,2,39.20274592,-121.63569619,4
2017,2017-09-24,655,9,3,6,7,N,A,N,A,H,B,A,01,S,08,E,,,,,I,Y,N,D,1,0,0,0,22107.0,1,38.94038008,-121.52458178,4
2017,2017-09-19,1447,9,3,14,2,Y,A,N,A,H,A,A,01,,05,B,,,,Y,C,N,N,A,1,0,0,0,21460.0,2,39.05443996,-121.67194998,4
2017,2017-09-17,7,9,3,0,7,N,A,N,A,H,D,A,01,S,03,E,,,,,J,Y,M,A,1,0,0,0,22350.0,1,39.20437356,-121.63686047,3
2017,2017-09-27,1920,9,3,19,3,Y,A,Y,A,H,C,A,01,,01,B,,,,,C,Y,N,D,1,0,0,0,23152.0,2,38.88533353,-121.57021197,4
2017,2017-09-17,1900,9,3,19,7,N,A,Y,A,H,B,A,07,S,03,B,,,,,C,Y,N,D,1,0,0,0,22350.0,2,,,4
2017,2017-09-20,720,9,3,7,3,N,A,N,A,H,A,A,01,S,08,F,,,,,A,Y,N,D,1,0,0,0,22107.0,1,39.27348855,-121.68754295,3
2017,2017-09-20,921,9,3,9,3,N,A,Y,A,H,A,-,- ,S,18,F,,,,,A,Y,N,D,1,0,0,0,,1,38.95922007,-121.60678052,3
2017,2017-09-26,1441,9,3,14,2,Y,A,Y,A,H,A,A,08,,09,D,,,,,C,Y,N,A,1,0,0,0,21802.0,2,38.84488992,-121.54308999,4
2017,2017-10-03,518,10,3,5,2,N,A,Y,A,H,C,A,01,S,08,C,,,,,C,N,N,A,1,0,0,0,22107.0,2,39.09813945,-121.63443158,4
2017,2017-09-29,1840,9,3,18,5,Y,A,N,A,H,A,D,22,,03,H,,,,,A,Y,N,D,1,0,0,0,22350.0,1,38.97721395,-121.41472936,4
2017,2017-09-22,1310,9,3,13,5,Y,A,Y,A,A,A,A,01,,09,D,,,,,C,Y,N,A,1,0,0,0,21801.0,2,39.21798822,-121.64161232,4
2017,2017-09-25,755,9,3,7,1,Y,A,N,A,H,A,H,13,,09,D,,,,,C,Y,N,D,3,0,0,0,21801.0,2,39.2733899,-121.65997997,4
2017,2017-09-25,1356,9,3,13,1,Y,A,N,A,H,A,D,22,,09,D,,,,,C,Y,N,D,2,0,0,0,21801.0,2,39.07618993,-121.64393996,4
2017,2017-09-30,1100,9,3,11,6,N,A,N,A,H,A,M,46,S,08,F,,,,,I,Y,N,D,1,0,0,0,22107.0,1,38.90879384,-121.72884505,3
2017,2017-10-05,1250,10,3,12,4,N,A,Y,A,H,A,A,07,S,08,F,,,,,A,Y,N,D,1,0,0,0,22107.0,1,39.18962,-121.63635,3
2017,2017-10-04,1636,10,3,16,3,N,A,Y,A,H,A,A,01,S,17,C,,,,,C,Y,N,D,1,0,0,0,21658.0,2,38.89671917,-121.58198438,4
2017,2017-10-02,1800,10,3,18,1,N,A,N,A,H,A,A,01,N,05,A,,,,,C,Y,N,D,2,0,0,0,21650.0,2,39.25839163,-121.66002576,3
2017,2017-10-15,230,10,3,2,7,N,A,Y,A,H,D,A,01,N,01,E,,,,,I,Y,N,D,1,0,0,0,23152.0,1,38.79501001,-121.54355139,4
2017,2017-10-07,500,10,3,5,6,N,A,N,A,H,D,A,01,E,08,E,,,,,I,Y,N,D,2,0,0,0,22107.0,1,39.28686027,-121.7841614,4
2017,2017-10-15,531,10,3,5,7,N,A,Y,A,H,D,A,01,N,03,C,,,,,C,Y,N,D,1,0,0,0,22350.0,2,38.96557631,-121.67277771,3
2017,2017-10-16,1835,10,3,18,1,N,A,N,A,H,D,A,07,N,08,F,,,,,A,Y,N,D,1,0,0,0,22107.0,1,38.98851033,-121.41482592,4
2020,2020-04-06,1538,4,1,15,1,N,B,Y,A,H,A,A,07,E,03,C,,,,,C,Y,N,A,1,0,0,0,22350.0,2,39.14188766479492,-121.6317901611328,4
2020,2020-03-17,2225,3,1,22,2,N,A,Y,A,H,C,D,22,E,03,C,,,,,C,Y,F,A,1,0,0,0,22350.0,2,39.141914367675774,-121.6345672607422,3
2020,2020-03-27,1210,3,1,12,5,Y,A,N,A,H,A,A,01,,09,B,,,Y,,C,N,N,D,1,0,0,1,21802.0,2,39.10309982299805,-121.61614990234376,2
2017,2017-08-11,217,8,2,2,5,N,A,N,A,H,D,A,01,N,08,F,,,,,A,Y,N,D,0,0,0,0,22107.0,1,38.89817478,-121.54132664,1
2017,2017-10-15,410,10,3,4,7,N,A,N,A,H,D,D,22,E,08,E,,,,,I,Y,N,D,1,0,0,0,22107.0,1,38.7505,-121.5404,3
2017,2017-10-09,640,10,3,6,1,N,A,Y,A,H,B,D,22,S,03,C,,,,,C,Y,N,D,1,0,0,0,22350.0,3,38.85796125,-121.71243905,3
2017,2017-10-25,750,10,3,7,3,N,A,N,A,H,A,D,22,W,09,D,,,,,C,Y,N,A,3,0,0,0,21802.0,2,39.07618982,-121.64395761,3
2017,2017-10-19,1730,10,3,17,4,N,A,N,A,H,A,A,07,W,08,E,,,,,J,Y,N,D,1,0,0,0,22107.0,1,39.18994,-121.63099466,4
2017,2017-10-16,1644,10,3,16,1,N,A,Y,A,H,A,-,- ,N,18,E,,,,,I,Y,N,D,1,0,0,0,,1,38.75890122,-121.54337637,4
2017,2017-10-11,1545,10,3,15,3,Y,F,Y,A,H,A,G,27,,09,D,,,,Y,C,Y,N,A,3,0,0,0,21802.0,2,38.83806965,-121.54390772,3
2017,2017-10-29,150,10,3,1,7,N,A,N,A,H,D,A,01,W,01,E,,,,,I,Y,N,D,1,0,0,0,23152.0,1,39.00320434,-121.66525994,3
2017,2017-11-03,905,11,3,9,5,N,B,N,B,H,A,A,01,E,03,E,,,,,I,Y,N,A,1,0,0,0,22350.0,1,39.15476262,-121.73526409,3
2017,2017-11-04,140,11,3,1,6,N,C,N,B,H,D,D,22,W,03,B,,,,,C,N,N,D,1,0,0,0,22350.0,2,39.12715399,-121.70395166,3
2017,2017-10-30,847,10,3,8,1,N,A,N,A,H,A,A,01,N,08,E,,,,,J,Y,N,D,1,0,0,0,22107.0,1,38.97174,-121.51536,3
2017,2017-10-13,2245,10,3,22,5,N,A,N,A,H,D,A,01,N,08,F,,,,,A,Y,N,D,1,0,0,0,22107.0,1,39.20823984,-121.65989,3
2017,2017-10-16,1340,10,3,13,1,N,A,Y,A,H,A,E,22,N,03,C,,,,,C,Y,N,A,1,0,0,0,22350.0,2,39.21870623,-121.64115829,3
2017,2017-10-24,1415,10,3,14,2,N,A,Y,A,H,A,-,- ,N,00,B,,,,,C,Y,N,D,2,0,0,0,,2,39.07175562,-121.63374858,3
2017,2017-11-01,1827,11,3,18,3,N,A,N,A,H,D,E,22,N,01,B,,,,,I,Y,N,D,1,0,0,0,23152.0,3,39.07214934,-121.62619683,4
2017,2017-11-04,2212,11,3,22,6,Y,A,Y,A,H,C,A,01,,09,D,,,,,C,Y,N,D,1,0,0,0,21802.0,2,38.86622198,-121.5546888,3
2017,2017-11-10,550,11,3,5,5,N,C,N,B,H,D,A,01,E,08,E,,,,,I,Y,N,D,1,0,0,0,22107.0,1,39.12784582,-121.75447931,4
2017,2017-11-11,803,11,3,8,6,N,E,Y,A,H,A,D,22,S,07,D,,,,,C,Y,N,D,1,0,0,0,21658.0,2,39.02509324,-121.63473397,4
2017,2017-11-14,1627,11,3,16,2,N,A,Y,A,H,B,A,01,N,04,C,,,,,C,N,N,D,1,0,0,0,21703.0,2,39.2252916,-121.64313115,4
2017,2017-10-15,413,10,3,4,7,N,A,Y,A,H,D,A,01,N,01,A,,,,,C,Y,N,D,1,0,0,0,23152.0,2,38.96262187,-121.67372398,1
2017,2017-11-05,748,11,3,7,7,N,A,N,B,H,A,N,60,N,11,G,Y,,,,B,N,N,D,1,1,0,0,21954.0,2,39.15891983,-121.6619103,3
2020,2020-02-23,1914,2,4,19,7,N,A,N,A,H,C,A,01,N,01,C,,,,,C,Y,N,D,3,0,0,0,23152.0,3,39.132488250732415,-121.64388275146484,3
2017,2017-11-10,1205,11,3,12,5,N,B,Y,B,H,A,D,22,N,03,C,,,,Y,C,Y,N,D,2,0,0,0,22350.0,2,39.09022136,-121.6346248,3
2017,2017-11-19,540,11,3,5,7,N,A,N,A,H,D,D,22,W,03,E,,,,,I,Y,N,A,1,0,0,0,22350.0,1,39.16679572,-121.72587017,3
2017,2017-11-18,2327,11,3,23,6,Y,A,N,A,H,D,D,22,,12,E,,,,,I,Y,N,A,1,0,0,0,22450.0,1,39.1667899,-121.72579988,2
2017,2017-11-17,1450,11,3,14,5,N,A,Y,A,H,A,A,01,N,03,C,,,,,C,Y,N,A,1,0,0,0,22350.0,3,39.12270122,-121.63452736,3
2017,2017-11-07,1845,11,3,18,2,N,A,Y,A,H,D,A,07,S,09,B,,,,,C,Y,N,D,1,0,0,0,21802.0,2,39.06891021,-121.63349965,3
2017,2017-10-30,555,10,3,5,1,N,B,Y,A,H,D,A,07,W,08,F,,,,,A,Y,N,D,1,0,0,0,22107.0,1,39.14168397,-121.7037284,3
2017,2017-11-07,1706,11,3,17,2,N,A,N,A,H,B,A,01,S,05,A,,,,,C,Y,N,D,2,0,0,0,21650.0,2,38.8324212,-121.48824795,2
2017,2017-11-08,1716,11,3,17,3,N,B,Y,B,H,C,D,22,N,08,D,,,,,C,Y,N,D,2,0,0,0,22107.0,2,39.22202691,-121.64193324,4
2017,2017-11-28,550,11,3,5,2,N,E,Y,A,H,D,A,01,N,09,D,,,,,C,Y,N,A,2,0,0,0,21802.0,4,39.14193369,-121.72606863,3
2017,2017-10-30,557,10,3,5,1,N,B,Y,A,C,D,A,07,W,03,G,Y,,,,B,Y,N,D,2,2,0,0,22350.0,4,39.14168397,-121.7037284,2
2017,2017-12-04,1757,12,4,17,1,N,A,N,A,H,D,A,07,N,08,E,,,,,I,Y,N,D,1,0,0,0,22107.0,1,38.76513991,-121.52525091,3
2017,2017-11-15,1400,11,3,14,3,N,B,N,B,H,A,A,07,E,08,E,,,,,I,N,M,D,1,0,0,0,22107.0,1,39.12798332,-121.75469931,4
2017,2017-10-18,1328,10,3,13,3,N,A,Y,A,H,A,A,01,N,08,D,,,,Y,C,Y,N,D,2,0,0,0,22107.0,3,39.04044912,-121.63473111,1
2017,2017-12-06,1345,12,4,13,3,Y,A,Y,A,H,A,A,01,,09,D,,,,,C,Y,N,D,2,0,0,0,21801.0,2,38.77938962,-121.54338389,3
2017,2017-11-26,2125,11,3,21,7,N,B,Y,B,H,D,D,22,N,03,C,,,,,C,Y,M,D,1,0,0,0,22350.0,2,38.95307087,-121.60675573,4
2017,2017-12-13,605,12,4,6,3,Y,A,N,A,H,D,A,01,,09,D,,,,,C,Y,N,A,2,0,0,0,21802.0,2,39.02533997,-121.67182997,3
2017,2017-12-08,1540,12,4,15,5,N,A,Y,A,H,A,D,22,N,08,E,,,,,I,N,N,D,1,0,0,0,22107.0,1,38.9602517,-121.54358086,2
2017,2017-12-08,1320,12,4,13,5,Y,A,N,A,H,A,A,08,,09,D,,,,,C,Y,N,A,1,0,0,0,21802.0,3,39.16296989,-121.74526,4
2020,2020-02-25,1534,2,4,15,2,N,A,N,A,H,A,D,22,N,09,B,,,,,C,Y,N,D,2,0,0,0,21804.0,2,39.14241409301758,-121.64849853515624,3
2017,2017-12-17,800,12,4,8,7,N,A,N,A,H,A,A,01,S,08,F,,,,,I,Y,N,D,1,0,0,0,22107.0,1,39.03882153,-121.67187599,3
2017,2017-12-09,1625,12,4,16,6,N,B,N,A,H,A,A,01,W,03,C,,,,,C,Y,N,D,2,0,0,0,22350.0,2,39.16676214,-121.71679163,4
2017,2017-12-17,1903,12,4,19,7,N,A,Y,A,H,C,D,22,S,01,C,,,,,C,Y,N,A,1,0,0,0,23152.0,3,39.11255044,-121.63461927,4
2017,2017-12-29,1700,12,4,17,5,Y,A,Y,A,H,C,A,01,,09,D,,,,,C,Y,N,A,1,0,0,0,21802.0,2,39.21801958,-121.64159068,4
2017,2017-12-03,405,12,4,4,7,N,B,N,B,H,D,A,01,S,01,F,,,,,A,Y,F,D,5,0,0,0,23152.0,1,39.0844859,-121.60667511,2
2020,2020-02-29,2311,2,4,23,6,Y,A,Y,A,H,C,A,07,,01,A,,,,,C,Y,N,A,1,0,0,0,23152.0,2,39.1273307800293,-121.6344757080078,4
2017,2017-12-18,1735,12,4,17,1,Y,A,Y,A,H,C,D,22,,12,D,,,,,C,Y,N,A,3,0,0,0,21453.0,2,39.14133436,-121.68918905,3
2017,2017-12-25,1555,12,4,15,1,N,A,N,A,H,A,A,01,S,01,E,,,,,I,Y,N,D,1,0,0,0,23152.0,1,38.9891598,-121.48763656,2
2017,2017-12-26,835,12,4,8,2,N,A,N,A,H,A,A,01,N,08,E,,,,,I,Y,N,D,1,0,0,0,22107.0,1,38.85188914,-121.48808124,3
2017,2017-12-30,1345,12,4,13,6,N,B,N,A,H,A,A,01,W,08,E,,,,,I,Y,N,D,1,0,0,0,22107.0,1,38.75108065,-121.50289945,4
2017,2017-12-31,2220,12,4,22,7,N,A,N,A,H,D,A,01,S,08,E,,,,,I,Y,N,D,1,0,0,0,22107.0,1,39.00316495,-121.67184165,3
2017,2017-12-27,2230,12,4,22,3,Y,A,Y,A,H,C,A,08,,21,D,,,,,C,Y,N,A,4,0,0,0,22106.0,2,38.83773012,-121.54390722,1
2018,2018-01-11,1530,1,4,15,4,N,B,N,A,H,A,D,22,S,03,C,,,,,C,Y,N,A,1,0,0,0,22350.0,2,39.11244201660156,-121.67170715332033,4
2018,2018-01-13,825,1,4,8,6,N,B,N,A,H,A,D,72,N,09,A,,,,,C,Y,N,A,1,0,0,0,21802.0,2,39.02599334716797,-121.61717224121094,4
2020,2020-02-20,757,2,4,7,4,N,A,N,A,H,A,A,01,E,09,A,,,,,C,N,N,A,1,0,0,0,21804.0,2,39.12728118896485,-121.64634704589844,3
2020,2020-02-16,1241,2,4,12,7,N,A,N,A,H,A,A,08,W,21,D,,,,,C,Y,N,A,1,0,0,0,22106.0,2,39.143672943115234,-121.62117004394533,4
2020,2020-02-10,2051,2,4,20,1,Y,A,N,A,H,C,A,01,,12,D,,,,,C,Y,N,A,1,0,0,0,21453.0,2,39.14143,-121.62096,4
2020,2020-02-18,1223,2,4,12,2,N,A,N,A,D,A,A,01,E,03,C,,,,,C,Y,N,A,1,0,0,0,22350.0,2,39.137939453125,-121.65268707275392,3
2020,2020-02-25,1633,2,4,16,2,N,A,N,A,H,A,A,01,E,10,G,Y,,,,B,N,N,A,1,1,0,0,21950.0,2,39.13802337646485,-121.6298599243164,3
2018,2018-01-05,1605,1,4,16,5,N,B,N,B,H,A,A,01,E,08,E,,,,,I,Y,N,D,1,0,0,0,22107.0,1,39.18635177612305,-121.7795181274414,4
2018,2018-01-01,40,1,4,0,1,N,A,Y,A,H,D,N,60,N,11,G,Y,,,,B,N,N,D,1,1,0,0,21954.0,2,39.00521087646485,-121.63266754150392,2
2018,2018-01-09,700,1,4,7,2,N,B,Y,B,H,B,E,22,S,09,D,,,,Y,C,Y,N,D,1,0,0,0,21804.0,2,39.0668830871582,-121.63340759277344,4
2018,2018-01-19,1019,1,4,10,5,N,A,Y,A,H,A,A,07,N,08,E,,,,,I,Y,N,D,1,0,0,0,22107.0,1,38.754512786865234,-121.54232788085938,4
2018,2018-01-21,1400,1,4,14,7,Y,A,N,A,H,A,A,01,,12,D,,,,,C,Y,N,A,2,0,0,0,22450.0,2,38.86759185791016,-121.48805236816406,3