ACCIDENT_YEAR,COLLISION_DATE,COLLISION_TIME,MONTH,SEASON,24HOURS,DAY_OF_WEEK,INTERSECTION,WEATHER_1,STATE_HWY_IND,ROAD_SURFACE,ROAD_COND_1,LIGHTING,STWD_VEHTYPE_AT_FAULT,CHP_VEHTYPE_AT_FAULT,DIRECTION,PCF_VIOL_CATEGORY,TYPE_OF_COLLISION,PEDESTRIAN_ACCIDENT,BICYCLE_ACCIDENT,MOTORCYCLE_ACCIDENT,TRUCK_ACCIDENT,MVIW,TOW_AWAY,HIT_AND_RUN,CONTROL_DEVICE,NUMBER_INJURED,COUNT_PED_INJURED,COUNT_BICYCLIST_INJURED,COUNT_MC_INJURED,PCF_VIOLATION,PARTY_COUNT,POINT_Y,POINT_X,COLLISION_SEVERITY
2020,2020-07-31,850,7,2,8,5,Y,A,N,A,H,A,-,- ,,00,D,,,,,C,Y,N,D,1,0,0,0,,2,39.12808990478516,-121.62107849121094,4
2020,2020-07-20,1742,7,2,17,1,Y,A,N,A,H,A,-,,,09,D,,,,,C,Y,N,D,1,0,0,0,21801.0,2,39.15143966674805,-121.65589904785156,3
2020,2020-07-19,600,7,2,6,7,N,A,N,A,H,A,A,01,E,08,A,,,,,I,Y,N,D,1,0,0,0,22100.0,1,39.13309097290039,-121.61095428466795,3
2020,2020-07-06,1217,7,2,12,1,N,A,N,A,H,A,A,01,E,08,A,,,,,C,Y,N,D,2,0,0,0,22107.0,2,39.13462829589844,-121.64364624023438,3
2020,2020-08-11,1429,8,2,14,2,N,A,N,A,H,A,A,07,W,09,D,,,,,C,Y,N,D,1,0,0,0,21801.0,2,39.14846420288086,-121.6455078125,4
2020,2020-08-10,408,8,2,4,1,N,A,N,A,H,C,A,07,N,00,A,,,,,I,Y,N,D,1,0,0,0,27465.0,1,39.13296890258789,-121.62993621826172,3
2020,2020-08-08,1737,8,2,17,6,N,A,N,A,H,A,A,07,W,03,C,,,,,C,N,N,A,1,0,0,0,22350.0,2,39.127300262451165,-121.63452911376952,4
2020,2020-08-11,1428,8,2,14,2,Y,A,N,A,H,A,A,01,,12,D,,,,,C,Y,N,A,1,0,0,0,22450.0,2,39.13772964477539,-121.62127685546876,4
2020,2020-08-06,912,8,2,9,4,Y,A,N,A,H,A,A,01,,12,D,,,,,C,Y,N,A,1,0,0,0,22450.0,2,39.140491485595696,-121.62558746337892,4
2020,2020-08-18,335,8,2,3,2,N,A,N,A,H,C,A,08,E,08,A,,,,,E,Y,N,D,1,0,0,0,22107.0,2,39.142799377441406,-121.68475341796876,3
2020,2020-08-09,1701,8,2,17,7,N,A,N,A,H,A,D,22,S,01,C,,,,,E,Y,N,D,1,0,0,0,23152.0,3,39.1399040222168,-121.60964965820312,3
2020,2020-08-06,1415,8,2,14,4,N,A,N,A,H,A,F,55,S,03,C,,,,Y,C,N,N,A,1,0,0,0,22350.0,3,39.12187957763672,-121.613037109375,3
2020,2020-08-23,1959,8,2,19,7,Y,A,N,A,H,A,D,22,,08,B,,,,,C,N,N,D,1,0,0,0,22107.0,2,39.141617,-121.627831,3
2020,2020-08-24,1339,8,2,13,1,Y,A,N,A,H,A,A,07,,12,D,,,,,C,Y,N,A,1,0,0,0,21453.0,3,39.13235092163086,-121.64388275146484,4
2020,2020-08-29,802,8,2,8,6,N,A,N,A,H,A,L,04,N,05,F,,Y,,,G,N,N,A,1,0,1,0,21650.0,1,39.138031005859375,-121.63009643554688,2
2020,2020-08-26,1557,8,2,15,3,Y,A,N,A,H,A,A,01,,09,D,,,,,C,N,N,D,1,0,0,0,21803.0,2,39.13235092163086,-121.63224792480467,4
2020,2020-08-07,1814,8,2,18,5,Y,A,N,A,H,A,A,01,,09,D,,,,,C,Y,N,D,2,0,0,0,21802.0,2,39.11090087890625,-121.63214111328124,2
2020,2020-08-26,1549,8,2,15,3,N,A,N,A,H,A,A,01,W,03,E,,,,,I,Y,N,D,1,0,0,0,22350.0,1,39.13679122924805,-121.6112823486328,3
2020,2020-08-31,1822,8,2,18,1,N,A,N,A,H,A,A,01,E,09,D,,,,,C,Y,N,D,1,0,0,0,21804.0,2,39.12731170654297,-121.64272308349608,3
2020,2020-08-11,1434,8,2,14,2,Y,A,Y,A,H,A,A,01,,08,D,,,,,C,Y,N,D,2,0,0,0,22107.0,2,39.141483306884766,-121.623779296875,3
2020,2020-08-09,1414,8,2,14,7,N,A,Y,A,H,A,A,07,W,03,C,,,,,C,Y,N,A,1,0,0,0,22350.0,2,39.14163589477539,-121.64500427246094,4
2020,2020-08-12,1624,8,2,16,3,N,A,Y,A,H,A,D,22,W,03,C,,,,,C,N,N,A,1,0,0,0,22350.0,2,39.14190673828125,-121.63487243652344,3
2020,2020-08-14,1101,8,2,11,5,N,A,Y,A,H,A,A,01,E,03,C,,,,,C,N,N,A,1,0,0,0,22350.0,2,39.141563415527344,-121.65504455566406,3
2020,2020-08-14,555,8,2,5,5,Y,A,Y,A,D,B,A,01,,12,A,,,,,C,Y,N,A,2,0,0,0,21457.0,2,39.12732696533203,-121.63459014892578,3
2020,2020-08-18,1921,8,2,19,2,Y,A,Y,A,H,A,A,01,,09,D,,,,,D,Y,N,A,1,0,0,0,21802.0,2,39.14157485961913,-121.6225814819336,3
2020,2020-08-21,1513,8,2,15,5,N,A,Y,A,H,A,D,22,S,03,C,,,,,C,N,F,A,1,0,0,0,22350.0,2,39.1412467956543,-121.62077331542967,4
2020,2020-08-01,351,8,2,3,6,Y,A,Y,A,H,C,A,01,,12,D,,,,,C,Y,N,A,4,0,0,0,22450.0,3,39.1416244506836,-121.62789916992188,2
2020,2020-09-08,1106,9,3,11,2,N,F,Y,A,H,A,A,01,E,08,E,,,,,I,Y,N,D,1,0,0,0,22107.0,1,39.141483306884766,-121.623779296875,4
2020,2020-09-20,1501,9,3,15,7,N,A,Y,A,H,A,F,26,W,09,D,,,,Y,C,N,N,D,1,0,0,0,21804.0,2,39.14177703857422,-121.63631439208984,3
2020,2020-09-16,1753,9,3,17,3,N,A,Y,A,H,A,A,07,,03,C,,,Y,,C,Y,N,D,1,0,0,1,22350.0,2,39.14274978637695,-121.61158752441406,4
2020,2020-09-14,657,9,3,6,1,Y,A,N,A,H,A,-,,,12,D,,,,,C,Y,N,A,1,0,0,0,21453.0,2,39.127300262451165,-121.64389038085938,4
2020,2020-09-24,852,9,3,8,4,N,A,Y,A,H,A,A,01,S,12,D,,,,,C,Y,N,A,2,0,0,0,21453.0,2,39.13240814208984,-121.63457489013672,4
2020,2020-09-21,47,9,3,0,1,Y,A,Y,A,H,C,A,07,,12,D,,,,,C,Y,N,A,1,0,0,0,21453.0,2,39.12732696533203,-121.63459014892578,4
2020,2020-09-14,1155,9,3,11,1,N,A,N,A,H,A,I,11,N,21,C,,,,,C,N,N,D,1,0,0,0,22106.0,2,39.137474060058594,-121.63491821289062,4
2020,2020-09-09,1032,9,3,10,3,N,B,N,A,H,A,A,07,E,08,B,,,,,C,Y,N,D,1,0,0,0,22107.0,2,39.13701629638672,-121.61066436767578,4
2020,2020-09-14,2114,9,3,21,1,Y,A,N,A,H,C,A,01,,12,D,,,,,C,Y,N,A,1,0,0,0,21453.0,2,39.14397811889648,-121.63021850585938,3
2020,2020-09-18,857,9,3,8,5,Y,B,N,A,H,A,A,01,,08,D,,,,,C,Y,N,D,2,0,0,0,22107.0,2,39.143260955810554,-121.62084197998048,4
2020,2020-09-27,1956,9,3,19,7,N,A,N,A,H,C,A,07,W,01,B,,,,,C,Y,N,D,3,0,0,0,23152.0,2,39.11264801025391,-121.62081909179688,4
2020,2020-10-02,1725,10,3,17,5,N,A,N,A,H,A,D,22,S,09,D,,,,,C,Y,N,D,3,0,0,0,21802.0,2,39.12717819213867,-121.66239166259766,3
2020,2020-09-19,1552,9,3,15,6,Y,A,N,A,H,A,-,- ,,00,D,,,,,C,Y,N,A,1,0,0,0,,2,39.14397811889648,-121.63021850585938,3
2020,2020-10-02,2209,10,3,22,5,Y,A,N,A,H,C,D,22,,09,D,,,,,C,N,N,D,1,0,0,0,21800.0,2,39.09838104248047,-121.62505340576172,4
2020,2020-10-04,1247,10,3,12,7,Y,A,Y,A,H,A,A,01,,08,C,,,,,C,Y,N,D,1,0,0,0,22107.0,3,39.14157485961913,-121.6225814819336,3
2020,2020-10-13,1755,10,3,17,2,N,A,Y,A,H,A,D,22,W,03,C,,,,,C,N,N,A,2,0,0,0,22350.0,3,39.14931869506836,-121.63529205322266,3
2020,2020-10-16,1135,10,3,11,5,N,A,N,A,H,A,F,55,E,21,G,Y,,,Y,B,N,N,D,1,1,0,0,22106.0,2,39.13233184814453,-121.63876342773438,3
2020,2020-10-14,842,10,3,8,3,Y,A,N,A,D,A,A,07,,12,D,,,,,C,N,N,A,1,0,0,0,21453.0,2,39.12725067138672,-121.62979888916016,4
2020,2020-10-13,1003,10,3,10,2,Y,A,N,A,H,A,A,01,,12,D,,,,,C,N,N,A,1,0,0,0,21453.0,3,39.13254165649414,-121.62329864501952,4
2020,2020-10-03,2114,10,3,21,6,N,A,Y,A,H,C,F,26,E,08,B,,,,Y,C,Y,F,D,3,0,0,0,22107.0,3,39.141510009765625,-121.62167358398438,3
2020,2020-10-30,41,10,3,0,5,Y,A,Y,A,H,D,-,- ,,00,D,,,,,C,Y,N,A,3,0,0,0,,2,39.13240814208984,-121.63445281982422,3
2020,2020-11-04,2111,11,3,21,3,Y,A,Y,A,H,C,A,01,,12,D,,,,,C,Y,N,A,1,0,0,0,21453.0,2,39.141799926757805,-121.63467407226562,4
2020,2020-10-23,1812,10,3,18,5,Y,A,N,A,H,A,A,01,,09,D,,,,,C,Y,N,A,1,0,0,0,21802.0,2,39.140491485595696,-121.62558746337892,4
2020,2020-10-22,538,10,3,5,4,Y,A,N,A,H,D,A,01,,21,D,,,,,C,Y,N,A,2,0,0,0,22106.0,2,39.11817169189453,-121.62489318847656,3
2020,2020-11-01,935,11,3,9,7,Y,A,N,A,H,A,A,01,,12,D,,,,,C,Y,N,D,2,0,0,0,22450.0,2,39.14962005615234,-121.61750030517578,4
2020,2020-10-14,1129,10,3,11,3,Y,A,N,A,H,A,A,07,,09,D,,,,,C,N,N,D,1,0,0,0,21800.0,2,39.137939453125,-121.64849853515624,4
2020,2020-10-26,1307,10,3,13,1,N,A,N,A,H,A,D,22,S,09,D,,,,,C,Y,N,D,1,0,0,0,21801.0,2,39.13350677490234,-121.62995910644533,3
2020,2020-10-07,1700,10,3,17,3,N,A,N,A,H,B,D,22,S,10,A,,Y,,,G,N,N,D,2,0,2,0,21950.0,3,39.11257553100586,-121.62276458740234,3
2020,2020-10-31,1556,10,3,15,6,N,A,N,A,H,A,A,07,S,08,D,,,,,C,N,N,D,2,0,0,0,22107.0,2,39.14039611816406,-121.64391326904295,3
2020,2020-10-15,520,10,3,5,4,Y,A,N,A,H,C,A,08,,08,D,,,,,C,Y,N,D,2,0,0,0,22107.0,2,39.13364028930664,-121.62026977539062,2
2020,2020-10-20,1329,10,3,13,2,Y,A,N,A,H,A,A,01,,12,D,,,,,C,Y,N,A,1,0,0,0,22450.0,2,39.14435958862305,-121.6176300048828,3
2020,2020-10-16,2315,10,3,23,5,Y,A,N,A,H,C,A,01,,12,D,,,,,C,N,M,D,1,0,0,0,22450.0,2,39.12340927124024,-121.62477111816406,3
2020,2020-10-21,1538,10,3,15,3,N,A,N,A,H,A,A,01,E,03,C,,,,,C,Y,N,D,1,0,0,0,22350.0,2,39.11091232299805,-121.6145248413086,4
2020,2020-10-24,1850,10,3,18,6,N,A,N,A,H,C,A,01,N,09,D,,,Y,,C,Y,N,D,1,0,0,1,21801.0,2,39.11319351196289,-121.61735534667967,2
2020,2020-10-18,1621,10,3,16,7,N,A,N,A,H,A,A,01,E,01,C,,,,,E,Y,M,D,1,0,0,0,23152.0,2,39.09906005859375,-121.61728668212892,2
2020,2020-10-05,1614,10,3,16,1,Y,A,Y,A,H,A,A,07,,08,A,,,,,C,Y,N,D,1,0,0,0,22107.0,2,39.1416244506836,-121.62789916992188,3
2020,2020-11-15,1738,11,3,17,7,Y,A,Y,A,H,C,A,01,,01,C,,,,,C,Y,N,A,3,0,0,0,23152.0,3,39.141788482666016,-121.64403533935548,2
2020,2020-10-22,1546,10,3,15,4,N,A,Y,A,H,A,A,01,W,09,D,,,,,C,Y,N,D,1,0,0,0,21804.0,2,39.14184188842773,-121.64151763916016,4
2020,2020-10-20,2040,10,3,20,2,N,A,Y,A,H,D,N,60,E,11,G,Y,,,,B,N,N,D,1,1,0,0,21956.0,2,39.14556121826172,-121.5942611694336,4
2020,2020-11-11,1208,11,3,12,3,N,A,N,A,H,A,A,01,W,09,B,,,,,C,N,N,D,1,0,0,0,21804.0,2,39.1272850036621,-121.63166046142578,3
2020,2020-11-07,1633,11,3,16,6,N,A,N,A,H,A,A,01,S,21,D,,,Y,,C,Y,N,D,1,0,0,1,22106.0,2,39.098968505859375,-121.61547088623048,2
2020,2020-11-04,1332,11,3,13,3,N,A,N,A,H,A,A,07,S,03,C,,,,,C,N,N,D,1,0,0,0,22350.0,2,39.144161224365234,-121.64396667480467,4
2020,2020-11-10,809,11,3,8,2,N,A,N,A,H,A,A,07,N,07,B,,,,,C,Y,F,D,2,0,0,0,21658.0,2,39.14346694946289,-121.6208267211914,3
2020,2020-11-09,959,11,3,9,1,N,A,N,A,H,A,L,04,N,01,C,,Y,,,G,Y,N,D,1,0,1,0,21200.0,2,39.1059799194336,-121.62263488769533,3
2020,2020-11-04,1414,11,3,14,3,N,A,N,A,H,A,-,99,W,07,B,,,,,C,N,M,D,1,0,0,0,21658.0,2,,,4
2020,2020-11-04,1225,11,3,12,3,N,A,N,A,H,A,A,07,S,10,G,Y,,,,B,N,N,D,1,1,0,0,21950.0,2,39.13237762451172,-121.63549041748048,2
2020,2020-10-21,1234,10,3,12,3,N,A,N,A,H,A,D,22,E,03,C,,,,,C,Y,N,A,1,0,0,0,22350.0,3,39.14924240112305,-121.6481475830078,4
2020,2020-11-13,1812,11,3,18,5,Y,A,N,B,H,C,A,07,,09,A,,,,,C,Y,N,A,1,0,0,0,21453.0,2,39.10078811645508,-121.61582946777344,4
2020,2020-11-18,902,11,3,9,3,N,B,Y,B,H,A,A,07,E,03,E,,,,,I,Y,N,D,1,0,0,0,22350.0,1,39.14165496826172,-121.62918853759766,3
2020,2020-11-20,1115,11,3,11,5,Y,A,Y,A,H,A,A,08,,07,B,,,,,C,N,M,D,1,0,0,0,21658.0,2,39.141483306884766,-121.623779296875,3
2020,2020-11-27,2045,11,3,20,5,Y,A,Y,A,H,C,A,07,,03,C,,,,,C,N,F,A,2,0,0,0,22350.0,2,39.13240814208984,-121.63445281982422,4
2020,2020-12-05,1555,12,4,15,6,N,A,Y,A,H,A,A,01,E,03,C,,,,,C,N,N,A,2,0,0,0,22350.0,2,39.14176177978516,-121.63909149169922,4
2020,2020-12-06,1146,12,4,11,7,Y,A,Y,A,H,A,C,02,,21,F,,,Y,,A,Y,N,A,1,0,0,1,22106.0,1,39.13240814208984,-121.63445281982422,2
2020,2020-10-20,1003,10,3,10,2,N,A,N,A,H,A,N,60,S,11,G,Y,,,,B,N,N,D,1,1,0,0,21954.0,2,39.11237716674805,-121.62730407714844,3
2020,2020-11-22,1550,11,3,15,7,Y,A,Y,A,H,A,A,01,,12,D,,,,,C,Y,N,A,1,0,0,0,21453.0,2,39.141799926757805,-121.63467407226562,3
2020,2020-11-18,753,11,3,7,3,N,C,Y,B,H,A,D,22,S,03,E,,,,,I,Y,N,A,1,0,0,0,22350.0,1,39.1496467590332,-121.63557434082033,3
2020,2020-11-20,1208,11,3,12,5,N,A,N,A,H,A,A,01,E,08,B,,,,,C,Y,F,D,2,0,0,0,22107.0,2,39.137454986572266,-121.60943603515624,3
2020,2020-11-11,1400,11,3,14,3,N,A,N,A,H,A,A,01,E,08,C,,,,,C,Y,N,D,1,0,0,0,22107.0,2,39.137020111083984,-121.61064910888672,3
2020,2020-11-30,1424,11,3,14,1,Y,A,N,A,H,A,D,22,,12,D,,,,,C,Y,N,D,1,0,0,0,22450.0,3,39.137939453125,-121.64849853515624,3
2020,2020-11-21,1055,11,3,10,6,Y,A,N,A,H,A,A,01,,08,D,,,,,D,Y,N,D,1,0,0,0,22107.0,2,39.15570068359375,-121.63007354736328,4
2020,2020-12-13,1755,12,4,17,7,N,A,N,B,H,D,D,22,S,09,D,,,,,C,Y,N,D,3,0,0,0,21804.0,2,39.130077362060554,-121.64388275146484,3
2020,2020-09-24,937,9,3,9,4,N,A,N,A,H,A,A,01,N,03,E,,,,,I,Y,N,D,1,0,0,0,22350.0,1,39.15168380737305,-121.6160888671875,3
2020,2020-09-25,1857,9,3,18,5,N,A,N,A,H,A,A,07,E,08,D,,,,,C,N,N,D,1,0,0,0,22107.0,2,39.150028228759766,-121.65081024169922,3
2020,2020-11-25,33,11,3,0,3,N,A,N,A,H,C,A,01,S,17,D,,,,,C,Y,N,D,2,0,0,0,21658.0,3,39.11342239379882,-121.62261199951172,2
2020,2020-11-27,1129,11,3,11,5,Y,A,N,A,H,A,A,07,,12,D,,,,,C,Y,N,A,1,0,0,0,21453.0,2,39.13254165649414,-121.62329864501952,4
2020,2020-12-03,1738,12,4,17,4,N,A,N,A,H,C,A,07,S,06,B,,,,,C,N,N,D,1,0,0,0,21755.0,2,39.137310028076165,-121.64391326904295,3
2020,2020-12-12,1434,12,4,14,6,N,A,N,A,H,A,A,08,N,07,B,,Y,,,G,N,N,D,1,0,1,0,21658.0,2,39.1452522277832,-121.64396667480467,3
2020,2020-12-01,1826,12,4,18,2,Y,A,Y,A,H,C,D,22,,12,D,,,,,C,Y,N,A,6,0,0,0,21453.0,2,39.141414642333984,-121.68151092529295,3
2020,2020-12-20,1522,12,4,15,7,N,A,Y,A,H,A,D,22,,01,A,,,,,C,N,F,A,1,0,0,0,23152.0,2,39.141414642333984,-121.61576080322266,3
2020,2020-12-13,108,12,4,1,7,N,C,N,B,H,C,A,01,N,17,C,,,,Y,E,Y,N,D,1,0,0,0,21658.0,2,39.10749816894531,-121.62269592285156,2
2020,2020-12-18,1039,12,4,10,5,N,A,Y,A,H,A,A,01,W,08,B,,,,,C,N,N,D,2,0,0,0,22107.0,3,39.141902923583984,-121.63290405273438,3
2020,2020-09-28,1924,9,3,19,1,N,A,N,A,H,C,N,60,S,11,G,Y,,,,B,Y,N,D,1,1,0,0,21954.0,2,39.13435745239258,-121.62999725341795,2
2020,2020-12-21,1619,12,4,16,1,Y,E,N,B,H,B,A,08,,12,D,,,,,C,Y,N,A,2,0,0,0,22450.0,2,39.15325927734375,-121.6623764038086,4
2020,2020-12-24,1150,12,4,11,4,N,A,N,A,H,A,A,01,S,09,D,,,,,C,Y,N,D,3,0,0,0,21804.0,2,39.14695739746094,-121.64395904541016,3
2020,2020-12-22,1710,12,4,17,2,N,A,N,A,H,B,A,01,W,10,G,Y,,,,B,N,N,D,1,1,0,0,21950.0,2,39.15041732788086,-121.61526489257812,3
2020,2020-12-20,1248,12,4,12,7,Y,A,N,A,H,A,A,01,,09,D,,,,,C,Y,N,D,1,0,0,0,21800.0,2,39.14107131958008,-121.6256103515625,4
2020,2020-12-13,1220,12,4,12,7,N,C,N,B,H,A,A,01,N,03,F,,,,,I,Y,N,D,1,0,0,0,22350.0,1,39.13317489624024,-121.64390563964844,2
2020,2020-12-12,1603,12,4,16,6,N,A,N,A,H,A,A,01,E,03,D,,,,,C,Y,N,D,2,0,0,0,22350.0,2,39.13462829589844,-121.64382934570312,3
2020,2020-12-14,1543,12,4,15,1,Y,B,N,A,H,A,A,01,,05,B,,,,,C,N,N,D,1,0,0,0,21460.0,2,39.13228988647461,-121.62890625,3
2020,2020-10-25,1105,10,3,11,7,N,A,N,A,H,A,C,02,S,17,H,,,Y,,J,N,N,D,1,0,0,1,23109.0,1,39.11766052246094,-121.63131713867188,2
2020,2020-11-11,1718,11,3,17,3,N,A,N,A,H,B,N,60,W,11,G,Y,,,,B,Y,N,D,0,0,0,0,21954.0,2,39.112659454345696,-121.62605285644533,1
2020,2020-12-03,1735,12,4,17,4,N,A,Y,A,H,A,A,07,E,03,C,,,,Y,C,Y,N,D,1,0,0,0,22350.0,3,39.14167785644531,-121.64334106445312,3
2020,2020-12-12,446,12,4,4,6,Y,B,Y,B,H,C,A,01,,12,D,,,,,C,Y,N,A,1,0,0,0,21453.0,2,39.14191055297852,-121.63469696044922,4
2020,2020-12-17,1725,12,4,17,4,N,A,Y,A,H,B,A,01,W,03,C,,,,,C,Y,N,A,4,0,0,0,22350.0,2,39.14147186279297,-121.65000152587892,3
2020,2020-12-28,1540,12,4,15,1,Y,A,Y,A,H,A,A,01,,12,F,,,,,C,Y,N,A,2,0,0,0,22450.0,5,39.1416244506836,-121.62789916992188,3
2020,2020-12-17,555,12,4,5,4,N,C,Y,B,H,B,A,01,W,03,E,,,,,I,Y,N,D,1,0,0,0,22350.0,1,39.22955703735352,-121.37920379638672,3
2020,2020-12-26,502,12,4,5,6,N,B,N,B,H,C,A,01,E,03,G,Y,,,,B,N,N,D,1,1,0,0,22350.0,2,39.13232421875,-121.64633941650392,3
2020,2020-12-29,1612,12,4,16,2,N,A,Y,A,H,A,N,60,E,11,D,Y,,,,B,N,N,D,1,1,0,0,21954.0,2,39.141510009765625,-121.62167358398438,2
2020,2020-12-21,1455,12,4,14,1,N,A,Y,A,H,A,A,01,W,09,D,,,,,C,Y,N,D,2,0,0,0,21804.0,2,39.141845703125,-121.63985443115234,2
2020,2020-12-05,1128,12,4,11,6,Y,A,Y,A,H,A,A,01,,12,B,,,,,C,N,N,A,1,0,0,0,21453.0,2,39.14189147949219,-121.63197326660156,3
2019,2019-06-10,1246,6,2,12,1,Y,A,N,A,H,A,A,01,,09,D,,,,,C,N,N,A,1,0,0,0,21800.0,2,39.27608108520508,-121.6599578857422,4
2019,2019-08-21,724,8,2,7,3,N,A,N,A,H,A,-,99,S,00,B,,Y,,,G,N,F,D,1,0,1,0,20001.0,2,39.101749420166016,-121.64359283447266,3
2019,2019-09-06,1717,9,3,17,5,N,A,N,A,H,A,C,02,S,04,C,,,Y,,C,N,N,D,1,0,0,1,21703.0,2,39.28746032714844,-121.65995025634766,3
2019,2019-09-20,1650,9,3,16,5,Y,A,N,A,H,A,A,01,,12,D,,,,,C,N,N,A,1,0,0,0,22450.0,3,39.30158996582031,-121.659912109375,4
2019,2019-10-30,1329,10,3,13,3,Y,A,N,A,H,A,A,01,,09,D,,,,,C,N,N,A,1,0,0,0,21802.0,2,39.27505874633789,-121.66368103027344,4
2019,2019-11-16,637,11,3,6,6,Y,E,N,A,H,A,A,07,,12,D,,,,,C,N,N,A,1,0,0,0,22450.0,2,39.27608108520508,-121.6599578857422,4
2019,2019-12-18,1601,12,4,16,3,Y,C,N,B,H,A,A,01,,09,D,,,,,C,N,N,A,1,0,0,0,21802.0,2,39.27608108520508,-121.6599578857422,4
2019,2019-12-29,939,12,4,9,7,Y,B,N,A,H,A,A,01,,03,D,,,,,C,N,N,A,1,0,0,0,22350.0,2,39.27199172973633,-121.66004943847656,4
2020,2020-12-17,604,12,4,6,4,N,C,N,B,H,D,A,01,N,01,E,,,,,I,Y,N,D,2,0,0,0,23152.0,1,39.16205978393555,-121.62303924560548,2
2020,2020-01-19,1113,1,4,11,7,N,E,N,A,H,A,D,23,N,07,C,,,,,C,N,N,A,1,0,0,0,21658.0,2,39.270033,-121.660264,4
2020,2020-08-27,1452,8,2,14,4,N,A,Y,A,H,A,A,01,S,03,C,,,,Y,C,N,N,A,1,0,0,0,22350.0,2,39.27323913574219,-121.66057586669922,4
2020,2020-09-13,1943,9,3,19,7,Y,A,Y,A,H,C,A,01,,06,B,,,,Y,C,N,M,A,1,0,0,0,21755.0,2,39.27338790893555,-121.66060638427734,4
2020,2020-10-17,1201,10,3,12,6,Y,A,Y,A,D,A,A,07,,05,A,,,,,C,Y,N,A,1,0,0,0,21460.0,3,39.27190780639648,-121.66024780273438,4
2019,2019-02-26,644,2,4,6,2,N,C,Y,B,H,B,D,22,N,04,C,,,,,C,N,N,D,1,0,0,0,21703.0,3,39.2772331237793,-121.66130065917967,4
2020,2020-02-06,1754,2,4,17,4,Y,A,Y,A,H,C,A,01,,04,C,,,,,C,N,N,A,1,0,0,0,21703.0,2,39.270904541015625,-121.65989685058594,4
2020,2020-02-15,1912,2,4,19,6,Y,A,Y,A,H,C,A,01,,04,C,,,,,C,N,N,A,2,0,0,0,21703.0,2,39.27338790893555,-121.66060638427734,4
2020,2020-02-23,1222,2,4,12,7,N,A,Y,A,H,A,A,01,S,04,C,,,,,C,Y,N,A,1,0,0,0,21703.0,2,39.27566909790039,-121.66114807128906,4
2020,2020-04-02,917,4,1,9,4,N,A,Y,A,H,A,A,07,N,05,E,,,,,J,Y,N,D,1,0,0,0,21650.0,2,39.26491928100586,-121.6577377319336,3
2020,2020-05-27,1526,5,1,15,3,N,A,Y,A,H,A,D,22,S,03,C,,,,,C,Y,N,A,2,0,0,0,22350.0,3,39.27888870239258,-121.66131591796876,4
2020,2020-10-07,1810,10,3,18,3,Y,A,Y,A,H,A,-,,N,03,C,,,,,D,Y,F,D,2,0,0,0,22350.0,3,39.275096893310554,-121.66102600097656,4
2019,2019-08-28,2008,8,2,20,3,N,A,N,A,H,D,A,01,N,01,B,,,,,C,Y,N,D,1,0,0,0,23153.0,3,39.27217864990234,-121.66614532470705,4
2020,2020-10-20,1720,10,3,17,2,N,A,Y,A,H,A,A,01,S,03,C,,,,,C,Y,N,D,2,0,0,0,22350.0,3,39.27873611450195,-121.66130828857422,4
2019,2019-05-29,1402,5,1,14,3,N,A,Y,A,H,A,A,01,S,03,C,,,,,C,Y,N,D,1,0,0,0,22350.0,2,39.28396987915039,-121.66168975830078,4
2020,2020-07-17,1554,7,2,15,5,N,A,Y,A,H,A,A,01,N,04,C,,,,,C,N,N,A,1,0,0,0,21703.0,2,39.274238586425774,-121.66082763671876,4
2020,2020-09-17,2133,9,3,21,4,Y,A,N,A,H,C,A,01,,09,D,,,,,C,Y,N,A,2,0,0,0,21802.0,2,39.124858856201165,-121.63104248046876,4
2020,2020-12-18,1350,12,4,13,5,N,A,N,A,H,A,A,01,S,03,C,,,,,C,N,N,A,2,0,0,0,22350.0,2,39.275997161865234,-121.6599578857422,4
2020,2020-06-09,1820,6,2,18,2,Y,A,N,A,H,A,-,,,10,G,,Y,,,G,N,N,D,1,0,1,0,21950.0,2,39.11637878417969,-121.64388275146484,3
2020,2020-03-04,1311,3,1,13,3,Y,A,N,A,H,A,A,01,,10,G,,Y,,,G,N,N,D,1,0,1,0,21950.0,2,39.27608108520508,-121.6599578857422,4